Player,Age,G,GS,MP,FG,FGA,FG%,3P,3PA,3P%,2P,2PA,2P%,eFG%,FT,FTA,FT%,ORB,DRB,TRB,AST,STL,BLK,TOV,PF,PTS,Team,Pos,College
Jayson Tatum,25,74,74,35.7,9.1,19.3,0.471,3.1,8.2,0.376,6.0,11.0,0.542,0.552,5.6,6.7,0.833,0.9,7.2,8.1,4.9,1.0,0.6,2.5,2.0,26.9,BOS,PF,Duke
Jaylen Brown,27,70,70,33.5,9.0,17.9,0.499,2.1,5.9,0.354,6.9,12.1,0.57,0.557,3.0,4.3,0.703,1.2,4.3,5.5,3.6,1.2,0.5,2.4,2.6,23.0,BOS,SF,California
Jrue Holiday,33,69,69,32.8,4.8,10.0,0.48,2.0,4.7,0.429,2.8,5.3,0.526,0.581,0.9,1.0,0.833,1.2,4.2,5.4,4.8,0.9,0.8,1.8,1.6,12.5,BOS,PG,UCLA
Derrick White,29,73,73,32.6,5.3,11.5,0.461,2.7,6.8,0.396,2.6,4.7,0.555,0.578,1.9,2.1,0.901,0.7,3.5,4.2,5.2,1.0,1.2,1.5,2.1,15.2,BOS,SG,"Colorado-Colorado Springs, Colorado"
Kristaps PorziÅÄ£is,28,57,57,29.6,6.8,13.2,0.516,1.9,5.1,0.375,4.9,8.1,0.606,0.589,4.5,5.3,0.858,1.7,5.5,7.2,2.0,0.7,1.9,1.6,2.7,20.1,BOS,C,
Al Horford,37,65,33,26.8,3.3,6.4,0.511,1.7,4.0,0.419,1.6,2.5,0.658,0.64,0.4,0.5,0.867,1.3,5.1,6.4,2.6,0.6,1.0,0.7,1.4,8.6,BOS,C,Florida
Payton Pritchard,26,82,5,22.3,3.6,7.7,0.468,1.8,4.7,0.385,1.8,3.1,0.593,0.583,0.6,0.7,0.821,0.9,2.4,3.2,3.4,0.5,0.1,0.7,1.3,9.6,BOS,PG,Oregon
Sam Hauser,26,79,13,22.0,3.2,7.1,0.446,2.5,5.9,0.424,0.7,1.2,0.559,0.623,0.2,0.2,0.895,0.6,2.9,3.5,1.0,0.5,0.3,0.4,1.3,9.0,BOS,SF,"Marquette, Virginia"
Luke Kornet,28,63,7,15.6,2.3,3.2,0.7,0.0,0.0,1.0,2.2,3.2,0.698,0.702,0.8,0.9,0.907,1.9,2.3,4.1,1.1,0.4,1.0,0.3,1.2,5.3,BOS,C,Vanderbilt
Xavier Tillman Sr.,25,20,2,13.7,1.7,3.3,0.515,0.4,1.4,0.286,1.3,1.9,0.684,0.576,0.2,0.4,0.571,0.7,2.0,2.7,1.0,0.5,0.5,0.3,0.8,4.0,BOS,PF,Michigan State
Neemias Queta,24,28,0,11.9,2.4,3.7,0.644,0.0,0.0,,2.4,3.7,0.644,0.644,0.7,1.0,0.714,1.9,2.5,4.4,0.7,0.5,0.8,0.5,1.8,5.5,BOS,C,Utah State University
Oshae Brissett,25,55,1,11.5,1.2,2.8,0.444,0.3,1.0,0.273,1.0,1.8,0.541,0.493,0.9,1.5,0.602,1.1,1.8,2.9,0.8,0.3,0.1,0.4,1.0,3.7,BOS,SF,Syracuse
Svi Mykhailiuk,26,41,2,10.1,1.4,3.3,0.416,1.0,2.6,0.389,0.4,0.7,0.517,0.569,0.1,0.2,0.667,0.3,1.0,1.2,0.9,0.3,0.0,0.3,0.5,4.0,BOS,SF,Kansas
Jordan Walsh,19,9,1,9.2,0.7,1.7,0.4,0.2,1.0,0.222,0.4,0.7,0.667,0.467,0.1,0.2,0.5,0.6,1.7,2.2,0.6,0.6,0.1,0.3,1.2,1.7,BOS,SF,Arkansas
Drew Peterson,24,3,0,7.7,1.3,2.0,0.667,1.0,1.7,0.6,0.3,0.3,1.0,0.917,0.0,0.0,,0.0,0.3,0.3,0.3,0.7,0.0,0.3,0.3,3.7,BOS,PF,"Rice University, USC"
Jaden Springer,21,17,1,7.6,0.8,1.8,0.433,0.1,0.6,0.182,0.6,1.1,0.579,0.467,0.4,0.5,0.875,0.5,0.7,1.2,0.5,0.6,0.2,0.5,1.0,2.1,BOS,PG,Tennessee
Dalano Banton,24,24,1,7.1,0.8,2.1,0.373,0.1,0.7,0.125,0.7,1.5,0.486,0.392,0.7,0.8,0.8,0.5,1.0,1.5,0.8,0.2,0.1,0.4,0.8,2.3,BOS,PG,Nebraska
Lamar Stevens,26,19,1,6.4,1.1,2.4,0.467,0.2,0.4,0.375,0.9,1.9,0.486,0.5,0.4,0.6,0.727,0.6,1.0,1.6,0.4,0.3,0.3,0.5,0.7,2.8,BOS,PF,Penn State
JD Davison,21,8,0,4.9,0.6,1.5,0.417,0.4,0.9,0.429,0.3,0.6,0.4,0.542,0.4,0.5,0.75,0.3,1.0,1.3,1.3,0.1,0.1,0.3,0.5,2.0,BOS,SG,Alabama
Julius Randle,29,46,46,35.4,8.6,18.2,0.472,1.7,5.3,0.311,6.9,12.9,0.539,0.518,5.1,6.6,0.781,2.2,7.0,9.2,5.0,0.5,0.3,3.5,2.7,24.0,NYK,PF,Kentucky
Jalen Brunson,27,77,77,35.4,10.3,21.4,0.479,2.7,6.8,0.401,7.5,14.6,0.516,0.543,5.5,6.5,0.847,0.6,3.1,3.6,6.7,0.9,0.2,2.4,1.9,28.7,NYK,PG,Villanova
OG Anunoby,26,23,23,34.9,5.4,11.1,0.488,1.8,4.5,0.394,3.7,6.6,0.553,0.568,1.5,1.9,0.791,1.0,3.4,4.4,1.5,1.7,1.0,1.7,2.5,14.1,NYK,SF,Indiana
Josh Hart,28,81,42,33.4,3.6,8.4,0.434,1.0,3.2,0.31,2.7,5.2,0.511,0.493,1.1,1.4,0.791,1.6,6.8,8.3,4.1,0.9,0.3,1.5,2.1,9.4,NYK,SF,Villanova
RJ Barrett,23,26,26,29.5,6.3,14.9,0.423,1.7,5.0,0.331,4.7,9.9,0.469,0.478,4.0,4.8,0.831,0.7,3.5,4.3,2.4,0.5,0.3,1.8,1.7,18.2,NYK,SG,Duke
Donte DiVincenzo,27,81,63,29.1,5.5,12.4,0.443,3.5,8.7,0.401,2.0,3.7,0.542,0.584,1.1,1.4,0.754,0.8,2.9,3.7,2.7,1.3,0.4,1.4,2.0,15.5,NYK,SG,Villanova
Isaiah Hartenstein,25,75,49,25.3,3.1,4.9,0.644,0.0,0.0,0.333,3.1,4.8,0.646,0.645,1.5,2.1,0.707,3.3,5.1,8.3,2.5,1.2,1.1,1.2,2.8,7.8,NYK,C,
Mitchell Robinson,25,31,21,24.8,2.4,4.1,0.575,0.0,0.0,,2.4,4.1,0.575,0.575,0.9,2.1,0.409,4.6,3.9,8.5,0.6,1.2,1.1,0.8,1.8,5.6,NYK,C,Western Kentucky
Precious Achiuwa,24,49,18,24.2,3.2,6.1,0.525,0.3,1.0,0.26,2.9,5.1,0.578,0.547,0.9,1.4,0.643,2.9,4.3,7.2,1.1,0.6,1.1,1.1,2.1,7.6,NYK,PF,Memphis
Immanuel Quickley,24,30,0,24.0,5.1,11.2,0.454,2.1,5.4,0.395,2.9,5.8,0.509,0.549,2.7,3.1,0.872,0.2,2.4,2.6,2.5,0.5,0.1,1.0,1.5,15.0,NYK,SG,Kentucky
Quentin Grimes,23,45,18,20.2,2.5,6.4,0.395,1.7,4.7,0.363,0.8,1.6,0.486,0.53,0.5,0.8,0.706,0.3,1.6,2.0,1.2,0.7,0.1,0.5,1.5,7.3,NYK,SG,"Kansas, Houston"
Miles McBride,23,68,14,19.5,3.0,6.7,0.452,1.6,3.9,0.41,1.4,2.8,0.511,0.572,0.6,0.7,0.86,0.5,1.0,1.5,1.7,0.7,0.1,0.4,1.6,8.3,NYK,PG,West Virginia
Bojan BogdanoviÄ,34,29,0,19.2,3.8,8.8,0.43,1.6,4.4,0.37,2.2,4.4,0.488,0.521,1.2,1.6,0.8,0.3,1.7,2.0,0.9,0.2,0.0,1.3,1.3,10.4,NYK,SF,
Alec Burks,32,23,1,13.5,2.2,7.1,0.307,1.1,3.6,0.301,1.1,3.5,0.313,0.383,1.0,1.4,0.727,0.3,1.4,1.7,0.9,0.3,0.0,0.7,0.5,6.5,NYK,SG,Colorado
Evan Fournier,31,3,0,13.0,1.3,6.7,0.2,0.7,5.0,0.133,0.7,1.7,0.4,0.25,0.7,0.7,1.0,0.0,1.3,1.3,1.0,1.3,0.0,0.3,1.3,4.0,NYK,SG,
Jericho Sims,25,45,11,13.0,0.8,1.2,0.691,0.0,0.0,,0.8,1.2,0.691,0.691,0.4,0.5,0.667,1.2,2.0,3.3,0.6,0.2,0.4,0.4,1.0,2.0,NYK,C,Texas
Taj Gibson,38,16,1,10.3,0.4,1.4,0.304,0.0,0.4,0.0,0.4,1.1,0.412,0.304,0.1,0.1,1.0,0.6,1.1,1.8,0.6,0.1,0.4,0.3,1.8,1.0,NYK,PF,USC
Charlie Brown Jr.,26,8,0,4.6,0.3,1.3,0.2,0.3,0.9,0.286,0.0,0.4,0.0,0.3,0.0,0.0,,0.1,0.1,0.3,0.0,0.0,0.3,0.3,0.6,0.8,NYK,SG,Saint Joseph's
Shake Milton,27,6,0,4.5,0.7,1.5,0.444,0.2,0.3,0.5,0.5,1.2,0.429,0.5,0.3,0.3,1.0,0.0,1.0,1.0,0.7,0.2,0.0,0.0,1.2,1.8,NYK,SG,SMU
Malachi Flynn,25,14,0,4.3,0.6,1.6,0.391,0.3,0.9,0.308,0.4,0.7,0.5,0.478,0.6,0.8,0.818,0.0,0.4,0.4,0.4,0.1,0.0,0.2,0.2,2.2,NYK,PG,"Washington State, San Diego State"
Jacob Toppin,23,9,0,4.2,0.6,1.0,0.556,0.1,0.4,0.25,0.4,0.6,0.8,0.611,0.2,0.2,1.0,0.3,0.4,0.8,0.3,0.0,0.1,0.1,0.3,1.4,NYK,SF,"Rhode Island, Kentucky"
Mamadi Diakite,27,3,0,2.7,0.0,0.3,0.0,0.0,0.3,0.0,0.0,0.0,,0.0,0.0,0.0,,0.0,0.3,0.3,0.0,0.3,0.0,0.3,0.3,0.0,NYK,PF,Virginia
DaQuan Jeffries,26,17,0,2.7,0.4,1.0,0.353,0.1,0.6,0.2,0.2,0.4,0.571,0.412,0.0,0.1,0.0,0.0,0.3,0.3,0.3,0.0,0.1,0.2,0.1,0.8,NYK,SG,"Oral Roberts, Tulsa"
Ryan Arcidiacono,29,20,0,2.3,0.0,0.3,0.0,0.0,0.3,0.0,0.0,0.0,,0.0,0.0,0.0,,0.0,0.4,0.4,0.2,0.1,0.0,0.1,0.3,0.0,NYK,PG,Villanova
Dylan Windler,27,3,0,2.3,0.3,0.7,0.5,0.3,0.7,0.5,0.0,0.0,,0.75,0.0,0.0,,0.0,0.3,0.3,0.3,0.0,0.0,0.0,0.3,1.0,NYK,SF,Belmont
Dmytro Skapintsev,25,2,0,1.0,0.0,0.5,0.0,0.0,0.0,,0.0,0.5,0.0,0.0,0.0,0.0,,0.0,0.0,0.0,0.0,0.0,0.0,0.0,0.0,0.0,NYK,C,Cal State Northridge
Damian Lillard,33,73,73,35.3,7.4,17.5,0.424,3.0,8.5,0.354,4.4,9.0,0.49,0.51,6.5,7.0,0.92,0.5,3.9,4.4,7.0,1.0,0.2,2.6,1.8,24.3,MIL,PG,Weber State
Giannis Antetokounmpo,29,73,73,35.2,11.5,18.8,0.611,0.5,1.7,0.274,11.0,17.1,0.645,0.624,7.0,10.7,0.657,2.7,8.8,11.5,6.5,1.2,1.1,3.4,2.9,30.4,MIL,PF,
Brook Lopez,35,79,79,30.5,4.6,9.6,0.485,1.9,5.1,0.366,2.8,4.4,0.621,0.583,1.4,1.7,0.821,1.5,3.7,5.2,1.6,0.5,2.4,1.0,2.4,12.5,MIL,C,Stanford
Malik Beasley,27,79,77,29.6,4.1,9.1,0.443,2.8,6.9,0.413,1.2,2.3,0.533,0.598,0.3,0.4,0.714,0.5,3.2,3.7,1.4,0.7,0.1,0.7,2.0,11.3,MIL,SG,Florida State
Khris Middleton,32,55,55,27.0,5.8,11.7,0.493,1.7,4.5,0.381,4.1,7.2,0.563,0.566,1.8,2.2,0.833,0.7,3.9,4.7,5.3,0.9,0.3,2.3,2.6,15.1,MIL,SF,Texas A&M
Bobby Portis,28,82,4,24.5,5.7,11.2,0.508,1.2,3.0,0.407,4.5,8.2,0.545,0.562,1.2,1.5,0.79,1.7,5.7,7.4,1.3,0.8,0.4,1.1,2.3,13.8,MIL,PF,Arkansas
Jae Crowder,33,50,25,23.1,2.3,5.4,0.422,1.2,3.3,0.349,1.1,2.1,0.538,0.53,0.5,0.7,0.722,0.6,2.6,3.2,1.3,0.8,0.2,0.5,1.5,6.2,MIL,PF,Marquette
Pat Connaughton,31,76,3,22.1,2.0,4.6,0.435,1.1,3.1,0.345,0.9,1.4,0.633,0.553,0.6,0.8,0.759,0.7,2.5,3.1,2.1,0.5,0.3,0.6,1.3,5.6,MIL,SF,Notre Dame
Patrick Beverley,35,26,8,20.9,2.1,5.3,0.391,1.0,2.8,0.361,1.1,2.5,0.424,0.486,0.9,1.0,0.852,0.7,2.9,3.6,2.6,0.7,0.5,0.6,1.7,6.0,MIL,PG,Arkansas
Cameron Payne,29,47,2,14.9,2.1,4.7,0.455,1.1,2.8,0.397,1.0,1.9,0.538,0.572,0.8,0.9,0.841,0.1,1.2,1.3,2.3,0.5,0.1,0.7,1.6,6.2,MIL,PG,Murray State
MarJon Beauchamp,23,48,1,12.7,1.7,3.5,0.488,0.6,1.6,0.4,1.1,1.9,0.56,0.578,0.4,0.6,0.679,0.5,1.6,2.1,0.6,0.3,0.1,0.6,1.1,4.4,MIL,SF,Yakima Valley Community College
A.J. Green,24,56,0,11.0,1.5,3.5,0.423,1.2,3.0,0.408,0.3,0.5,0.519,0.599,0.3,0.3,0.895,0.2,1.0,1.1,0.5,0.2,0.1,0.2,0.9,4.5,MIL,SG,University of Northern Iowa
Andre Jackson Jr.,22,57,8,10.0,0.9,1.8,0.5,0.3,0.8,0.37,0.6,0.9,0.611,0.585,0.1,0.2,0.727,0.8,1.2,2.0,0.9,0.3,0.1,0.5,1.6,2.2,MIL,SG,UConn
Danilo Gallinari,35,17,0,9.1,0.8,2.2,0.378,0.2,1.0,0.176,0.6,1.2,0.55,0.419,0.9,1.1,0.889,0.4,0.7,1.1,0.7,0.4,0.1,0.6,0.9,2.8,MIL,SF,
TyTy Washington Jr.,22,11,0,5.1,0.5,1.8,0.3,0.2,0.5,0.333,0.4,1.3,0.286,0.35,0.0,0.0,,0.1,0.4,0.5,0.5,0.3,0.0,0.2,0.1,1.3,MIL,PG,Kentucky
Thanasis Antetokounmpo,31,34,0,4.6,0.5,0.9,0.533,0.0,0.0,0.0,0.5,0.9,0.552,0.533,0.0,0.1,0.0,0.2,0.2,0.4,0.5,0.2,0.1,0.4,0.7,0.9,MIL,PF,
Chris Livingston,20,21,0,4.3,0.5,1.0,0.5,0.0,0.2,0.2,0.5,0.8,0.588,0.523,0.1,0.2,0.75,0.1,0.9,1.0,0.2,0.1,0.0,0.2,0.7,1.2,MIL,SF,Kentucky
Robin Lopez,35,16,2,4.1,0.4,1.2,0.368,0.1,0.5,0.25,0.3,0.7,0.455,0.421,0.1,0.1,1.0,0.2,0.1,0.3,0.3,0.1,0.2,0.1,0.4,1.1,MIL,C,Stanford
Ryan Rollins,21,3,0,4.0,0.3,0.7,0.5,0.3,0.3,1.0,0.0,0.3,0.0,0.75,0.0,0.0,,0.0,0.7,0.7,1.0,0.7,0.0,0.3,0.3,1.0,MIL,PG,Toledo
Lindell Wigginton,25,3,0,2.7,0.7,1.7,0.4,0.0,0.7,0.0,0.7,1.0,0.667,0.4,0.7,0.7,1.0,0.0,0.0,0.0,0.0,0.0,0.0,0.3,0.3,2.0,MIL,PG,Iowa State
Marques Bolden,25,2,0,1.5,0.0,0.0,,0.0,0.0,,0.0,0.0,,,0.0,0.0,,0.0,1.0,1.0,0.0,0.0,0.0,0.0,0.5,0.0,MIL,C,Duke
Donovan Mitchell,27,55,55,35.3,9.1,19.8,0.462,3.3,9.0,0.368,5.8,10.8,0.539,0.545,5.0,5.8,0.865,0.8,4.3,5.1,6.1,1.8,0.5,2.8,2.1,26.6,CLE,SG,Louisville
Darius Garland,24,57,57,33.4,6.6,14.8,0.446,2.3,6.2,0.371,4.3,8.5,0.501,0.524,2.6,3.1,0.834,0.5,2.1,2.7,6.5,1.3,0.1,3.1,1.7,18.0,CLE,PG,Vanderbilt
Max Strus,27,70,70,32.0,4.3,10.4,0.418,2.4,6.8,0.351,1.9,3.6,0.546,0.533,1.1,1.4,0.794,0.9,3.9,4.8,4.0,0.9,0.4,1.6,2.4,12.2,CLE,SF,"Lewis (IL), DePaul"
Jarrett Allen,25,77,77,31.7,6.7,10.6,0.634,0.0,0.1,0.0,6.7,10.6,0.638,0.634,3.0,4.1,0.742,3.2,7.4,10.5,2.7,0.7,1.1,1.6,1.9,16.5,CLE,C,Texas
Evan Mobley,22,50,50,30.6,6.4,11.0,0.58,0.4,1.2,0.373,6.0,9.9,0.604,0.6,2.5,3.4,0.719,2.2,7.1,9.4,3.2,0.9,1.4,1.8,2.7,15.7,CLE,PF,USC
Caris LeVert,29,68,10,28.8,5.1,12.1,0.421,1.6,4.9,0.325,3.5,7.2,0.486,0.487,2.3,3.0,0.766,0.6,3.5,4.1,5.1,1.1,0.5,1.7,1.8,14.0,CLE,SG,Michigan
Isaac Okoro,23,69,42,27.3,3.4,7.0,0.49,1.2,3.1,0.391,2.2,3.8,0.57,0.577,1.3,2.0,0.679,1.0,2.0,3.0,1.9,0.8,0.5,0.8,2.0,9.4,CLE,SF,Auburn
Georges Niang,30,82,10,22.3,3.5,7.7,0.449,1.8,4.8,0.376,1.6,2.9,0.572,0.567,0.6,0.7,0.85,0.3,3.1,3.4,1.2,0.4,0.2,0.9,2.3,9.4,CLE,PF,Iowa State
Dean Wade,27,54,32,20.5,1.8,4.3,0.414,1.5,3.7,0.391,0.3,0.6,0.567,0.584,0.4,0.5,0.769,0.7,3.4,4.0,0.8,0.7,0.5,0.4,1.7,5.4,CLE,PF,Kansas State
Sam Merrill,27,61,1,17.5,2.6,6.4,0.402,2.3,5.8,0.404,0.2,0.6,0.385,0.584,0.4,0.5,0.929,0.4,1.6,2.0,1.8,0.3,0.1,0.3,1.2,8.0,CLE,SG,Utah State University
Marcus Morris,34,12,0,15.0,2.2,4.9,0.441,1.0,2.4,0.414,1.2,2.5,0.467,0.542,0.4,0.7,0.625,0.4,1.7,2.1,0.8,0.2,0.2,0.9,1.1,5.8,CLE,PF,Kansas
Craig Porter Jr.,23,51,6,12.7,2.3,4.5,0.509,0.2,0.7,0.353,2.0,3.8,0.536,0.535,0.8,1.1,0.732,0.4,1.7,2.1,2.3,0.4,0.3,0.9,0.8,5.6,CLE,PG,"Vincennes University, Wichita State"
Tristan Thompson,32,49,0,11.2,1.5,2.4,0.608,0.0,0.0,0.0,1.5,2.4,0.613,0.608,0.3,1.1,0.288,1.5,2.1,3.6,1.0,0.2,0.3,0.6,1.2,3.3,CLE,C,Texas
Emoni Bates,20,15,0,8.9,1.0,3.3,0.306,0.7,2.2,0.303,0.3,1.1,0.313,0.408,0.1,0.3,0.25,0.1,0.9,0.9,0.7,0.1,0.1,0.5,0.3,2.7,CLE,SF,"Memphis, Eastern Michigan"
Ty Jerome,26,2,0,7.5,1.0,2.0,0.5,0.0,0.5,0.0,1.0,1.5,0.667,0.5,0.0,0.0,,0.5,0.0,0.5,1.5,0.0,0.0,0.5,1.0,2.0,CLE,SG,Virginia
Isaiah Mobley,24,10,0,7.2,1.0,2.4,0.417,0.3,1.0,0.3,0.7,1.4,0.5,0.479,0.0,0.1,0.0,0.3,0.7,1.0,0.6,0.2,0.0,0.2,0.6,2.3,CLE,PF,USC
Damian Jones,28,39,0,6.9,1.1,1.8,0.597,0.1,0.4,0.214,1.0,1.5,0.69,0.618,0.5,0.5,0.857,0.5,1.1,1.6,0.4,0.2,0.3,0.3,0.7,2.7,CLE,C,Vanderbilt
Pete Nance,23,8,0,3.4,0.1,0.8,0.167,0.1,0.1,1.0,0.0,0.6,0.0,0.25,0.0,0.3,0.0,0.0,0.4,0.4,0.0,0.1,0.0,0.1,0.3,0.4,CLE,PF,"Northwestern, UNC"
Paolo Banchero,21,80,80,35.0,8.0,17.6,0.455,1.5,4.4,0.339,6.5,13.2,0.493,0.497,5.1,7.0,0.725,1.0,5.9,6.9,5.4,0.9,0.6,3.1,1.9,22.6,ORL,PF,Duke
Franz Wagner,22,72,72,32.5,7.3,15.2,0.482,1.3,4.6,0.281,6.0,10.6,0.57,0.525,3.8,4.4,0.85,1.0,4.3,5.3,3.7,1.1,0.4,1.9,2.3,19.7,ORL,SF,Michigan
Jalen Suggs,22,75,75,27.0,4.5,9.5,0.471,2.0,5.1,0.397,2.4,4.4,0.556,0.578,1.6,2.1,0.756,0.6,2.4,3.1,2.7,1.4,0.6,1.8,2.7,12.6,ORL,SG,Gonzaga
Wendell Carter Jr.,24,55,48,25.6,4.1,7.7,0.525,1.2,3.1,0.374,2.9,4.6,0.626,0.6,1.7,2.4,0.694,2.0,4.9,6.9,1.7,0.6,0.5,1.2,2.2,11.0,ORL,C,Duke
Gary Harris,29,54,27,24.0,2.4,5.5,0.441,1.4,3.8,0.371,1.0,1.7,0.598,0.569,0.6,0.8,0.756,0.4,1.2,1.7,1.6,0.9,0.3,0.6,1.7,6.9,ORL,SG,Michigan State
Cole Anthony,23,81,0,22.4,4.1,9.4,0.435,1.1,3.4,0.338,3.0,6.0,0.49,0.496,2.2,2.7,0.826,0.8,3.0,3.8,2.9,0.8,0.5,1.6,2.2,11.6,ORL,PG,UNC
Markelle Fultz,25,43,18,21.2,3.6,7.6,0.472,0.1,0.4,0.222,3.5,7.2,0.487,0.479,0.5,0.8,0.697,1.3,1.9,3.2,2.8,1.0,0.3,1.2,1.5,7.8,ORL,PG,Washington
Moritz Wagner,26,80,1,17.7,4.2,6.9,0.601,0.5,1.4,0.33,3.7,5.5,0.673,0.636,2.1,2.6,0.814,1.5,2.9,4.3,1.2,0.5,0.3,1.2,2.0,10.9,ORL,C,Michigan
Joe Ingles,36,68,0,17.2,1.5,3.3,0.436,1.0,2.4,0.435,0.4,1.0,0.439,0.59,0.4,0.5,0.824,0.3,1.8,2.1,3.0,0.6,0.1,1.0,1.3,4.4,ORL,SF,
Anthony Black,20,69,33,16.9,1.7,3.6,0.466,0.5,1.4,0.394,1.1,2.2,0.51,0.54,0.7,1.2,0.613,0.5,1.5,2.0,1.3,0.5,0.3,0.8,1.6,4.6,ORL,PG,Arkansas
Jonathan Isaac,26,58,2,15.8,2.5,4.9,0.51,0.7,1.9,0.375,1.8,3.0,0.598,0.584,1.0,1.4,0.72,1.3,3.2,4.5,0.5,0.7,1.2,0.5,1.1,6.8,ORL,PF,Florida State
Goga Bitadze,24,62,33,15.4,2.0,3.4,0.603,0.0,0.2,0.143,2.0,3.1,0.636,0.608,0.9,1.4,0.655,1.8,2.9,4.6,1.3,0.5,1.2,0.7,1.7,5.0,ORL,C,
Caleb Houstan,21,59,13,13.8,1.4,3.5,0.388,1.2,3.3,0.373,0.1,0.2,0.615,0.563,0.4,0.4,0.808,0.5,0.9,1.4,0.5,0.3,0.1,0.3,1.0,4.3,ORL,SF,Michigan
Trevelin Queen,26,14,0,11.8,1.0,2.7,0.368,0.2,1.2,0.176,0.8,1.5,0.524,0.408,0.6,0.9,0.75,0.2,1.2,1.4,1.3,0.5,0.4,0.5,1.1,2.9,ORL,SG,"College of Marin, New Mexico Military Institute, New Mexico State"
Chuma Okeke,25,47,8,9.2,0.9,2.4,0.357,0.5,1.7,0.28,0.4,0.6,0.567,0.46,0.1,0.1,0.571,0.4,1.3,1.7,0.4,0.2,0.1,0.3,0.4,2.3,ORL,SF,Auburn
Jett Howard,20,18,0,3.7,0.6,1.7,0.333,0.4,1.4,0.28,0.2,0.3,0.6,0.45,0.1,0.2,0.5,0.1,0.3,0.4,0.3,0.1,0.1,0.2,0.2,1.6,ORL,SF,Michigan
Admiral Schofield,26,23,0,3.7,0.4,1.1,0.385,0.3,0.7,0.375,0.2,0.4,0.4,0.5,0.0,0.1,0.0,0.1,0.6,0.7,0.3,0.0,0.0,0.2,0.4,1.1,ORL,PF,Tennessee
Kevon Harris,26,2,0,3.0,1.0,1.5,0.667,0.0,0.0,,1.0,1.5,0.667,0.667,0.0,0.0,,0.0,1.0,1.0,0.5,0.0,0.0,0.5,1.5,2.0,ORL,SG,Stephen F. Austin
Tyrese Haliburton,23,69,68,32.2,7.2,15.2,0.477,2.8,7.8,0.364,4.4,7.4,0.595,0.57,2.8,3.3,0.855,0.5,3.4,3.9,10.9,1.2,0.7,2.3,1.1,20.1,IND,PG,Iowa State
Pascal Siakam,29,41,41,31.8,8.7,15.8,0.549,1.0,2.5,0.386,7.7,13.3,0.58,0.579,3.0,4.2,0.699,2.1,5.7,7.8,3.7,0.8,0.4,1.4,2.6,21.3,IND,PF,New Mexico State
Bruce Brown,27,33,33,29.7,4.5,9.5,0.475,1.0,3.1,0.327,3.5,6.5,0.545,0.527,2.0,2.5,0.817,0.8,3.9,4.7,3.0,1.1,0.2,1.2,2.5,12.1,IND,SG,Miami (FL)
Aaron Nesmith,24,72,47,27.7,4.4,8.8,0.496,1.9,4.6,0.419,2.4,4.2,0.581,0.606,1.5,1.9,0.781,0.9,2.9,3.8,1.5,0.9,0.7,0.9,3.3,12.2,IND,SF,Vanderbilt
Myles Turner,27,77,77,27.0,6.2,11.8,0.524,1.5,4.2,0.358,4.7,7.6,0.615,0.587,3.2,4.1,0.773,1.5,5.5,6.9,1.3,0.5,1.9,1.4,3.0,17.1,IND,C,Texas
Bennedict Mathurin,21,59,19,26.1,5.0,11.2,0.446,1.4,3.6,0.374,3.7,7.6,0.481,0.507,3.1,3.8,0.821,1.0,2.9,4.0,2.0,0.6,0.2,1.6,2.0,14.5,IND,SF,Arizona
Buddy Hield,31,52,28,25.7,4.4,9.9,0.443,2.6,6.9,0.384,1.8,3.1,0.575,0.575,0.5,0.6,0.848,0.7,2.6,3.2,2.7,0.8,0.6,1.2,2.0,12.0,IND,SF,Oklahoma
Andrew Nembhard,24,68,47,25.0,3.8,7.7,0.498,0.9,2.5,0.357,2.9,5.2,0.567,0.557,0.7,0.8,0.804,0.5,1.5,2.1,4.1,0.9,0.1,1.5,2.1,9.2,IND,PG,"Florida, Gonzaga"
Obi Toppin,25,82,28,21.1,4.0,7.1,0.573,1.2,3.1,0.403,2.8,4.0,0.706,0.661,0.9,1.2,0.77,1.0,2.9,3.9,1.6,0.6,0.5,0.8,1.7,10.3,IND,PF,Dayton
T.J. McConnell,31,71,4,18.2,4.6,8.4,0.556,0.3,0.6,0.409,4.4,7.7,0.568,0.572,0.7,0.9,0.79,0.5,2.2,2.7,5.5,1.0,0.1,1.5,1.1,10.2,IND,PG,"Duquesne, Arizona"
Jalen Smith,23,61,14,17.2,3.8,6.5,0.592,1.0,2.4,0.424,2.8,4.1,0.689,0.67,1.2,1.7,0.692,1.8,3.7,5.5,1.0,0.3,0.6,0.7,2.0,9.9,IND,C,Maryland
Ben Sheppard,22,57,1,14.3,1.6,4.0,0.393,0.9,2.7,0.314,0.7,1.3,0.562,0.5,0.4,0.5,0.885,0.3,1.3,1.6,0.9,0.6,0.0,0.3,1.5,4.4,IND,SG,Belmont
Isaiah Jackson,22,59,3,13.1,2.6,3.9,0.665,0.0,0.1,0.0,2.6,3.9,0.677,0.665,1.2,1.7,0.716,1.6,2.4,4.0,0.8,0.6,1.0,0.7,2.3,6.5,IND,C,Kentucky
Doug McDermott,32,18,0,11.3,1.6,3.8,0.406,1.0,3.1,0.321,0.6,0.7,0.769,0.536,0.1,0.1,0.5,0.1,0.5,0.6,0.7,0.3,0.0,0.2,0.9,4.2,IND,SF,Creighton
Jarace Walker,20,33,0,10.3,1.4,3.3,0.409,0.7,1.7,0.4,0.7,1.7,0.418,0.509,0.2,0.3,0.889,0.4,1.5,1.9,1.2,0.5,0.3,0.5,0.9,3.6,IND,PF,Houston
Jordan Nwora,25,18,0,10.2,2.1,4.6,0.451,0.6,2.0,0.306,1.4,2.6,0.565,0.518,0.5,0.6,0.818,0.4,1.4,1.8,1.0,0.3,0.1,0.7,1.1,5.2,IND,SF,Louisville
Daniel Theis,31,1,0,8.0,1.0,4.0,0.25,0.0,1.0,0.0,1.0,3.0,0.333,0.25,0.0,0.0,,0.0,0.0,0.0,0.0,0.0,0.0,0.0,1.0,2.0,IND,C,
Oscar Tshiebwe,24,8,0,5.3,1.3,2.5,0.5,0.0,0.0,,1.3,2.5,0.5,0.5,0.8,1.0,0.75,1.0,1.0,2.0,0.3,0.3,0.1,0.0,0.4,3.3,IND,PF,"West Virginia, Kentucky"
James Johnson,36,9,0,5.2,0.3,1.1,0.3,0.0,0.2,0.0,0.3,0.9,0.375,0.3,0.2,0.2,1.0,0.1,0.3,0.4,0.9,0.6,0.1,0.6,1.0,0.9,IND,PF,Wake Forest
Kendall Brown,20,15,0,4.2,0.5,1.0,0.533,0.0,0.1,0.0,0.5,0.9,0.615,0.533,0.3,0.5,0.625,0.2,0.1,0.3,0.3,0.0,0.0,0.1,0.6,1.4,IND,SG,Baylor
Isaiah Wong,23,1,0,4.0,1.0,3.0,0.333,0.0,1.0,0.0,1.0,2.0,0.5,0.333,0.0,0.0,,0.0,0.0,0.0,0.0,0.0,0.0,0.0,0.0,2.0,IND,SG,Miami (FL)
Quenton Jackson,25,3,0,3.7,0.0,0.3,0.0,0.0,0.0,,0.0,0.3,0.0,0.0,0.7,0.7,1.0,0.0,1.3,1.3,0.7,0.3,0.0,0.0,0.3,0.7,IND,PG,Texas A&M
Tyrese Maxey,23,70,70,37.5,9.1,20.3,0.45,3.0,8.1,0.373,6.1,12.1,0.501,0.524,4.7,5.4,0.868,0.5,3.2,3.7,6.2,1.0,0.5,1.7,2.2,25.9,PHI,PG,Kentucky
Tobias Harris,31,70,70,33.8,6.6,13.6,0.487,1.3,3.7,0.353,5.3,9.9,0.537,0.535,2.7,3.0,0.878,1.1,5.3,6.5,3.1,1.0,0.7,1.3,1.6,17.2,PHI,PF,Tennessee
Joel Embiid,29,39,39,33.6,11.5,21.8,0.529,1.4,3.6,0.388,10.2,18.3,0.556,0.561,10.2,11.6,0.883,2.4,8.6,11.0,5.6,1.2,1.7,3.8,2.9,34.7,PHI,C,Kansas
Kelly Oubre Jr.,28,68,52,30.2,5.7,12.9,0.441,1.5,4.8,0.311,4.2,8.1,0.517,0.498,2.6,3.4,0.75,1.4,3.6,5.0,1.5,1.1,0.7,1.3,2.9,15.4,PHI,SF,Kansas
Kyle Lowry,37,23,20,28.4,2.6,5.9,0.444,1.6,3.9,0.404,1.0,2.0,0.522,0.578,1.2,1.4,0.848,0.4,2.4,2.8,4.6,0.9,0.3,1.4,2.3,8.0,PHI,PG,Villanova
De'Anthony Melton,25,38,33,26.9,3.7,9.5,0.386,2.0,5.6,0.36,1.6,3.8,0.425,0.493,1.7,2.1,0.835,0.7,3.0,3.7,3.0,1.6,0.4,1.0,2.2,11.1,PHI,SG,USC
Nicolas Batum,35,57,38,25.9,2.0,4.4,0.456,1.2,3.1,0.399,0.7,1.2,0.6,0.599,0.3,0.4,0.714,1.2,3.0,4.2,2.2,0.8,0.6,0.7,1.8,5.5,PHI,PF,
Buddy Hield,31,32,14,25.8,4.4,10.4,0.426,2.6,6.6,0.389,1.9,3.8,0.492,0.55,0.8,0.8,0.923,0.8,2.3,3.2,3.0,0.8,0.3,1.3,2.1,12.2,PHI,SG,Oklahoma
P.J. Tucker,38,3,3,22.0,0.7,1.7,0.4,0.7,1.7,0.4,0.0,0.0,,0.6,0.0,0.0,,0.3,4.3,4.7,0.0,1.0,0.7,0.7,3.0,2.0,PHI,PF,Texas
Patrick Beverley,35,47,5,19.6,2.2,5.1,0.432,0.7,2.3,0.321,1.5,2.8,0.523,0.504,1.1,1.3,0.81,0.6,2.4,3.1,3.1,0.5,0.4,1.0,1.8,6.3,PHI,PG,Arkansas
Cameron Payne,29,31,8,19.4,3.5,8.4,0.413,1.7,4.4,0.382,1.8,4.0,0.447,0.514,0.7,0.7,0.913,0.5,1.3,1.8,3.1,0.6,0.3,1.1,1.7,9.3,PHI,PG,Murray State
Paul Reed,24,82,24,19.4,3.2,5.9,0.54,0.3,0.7,0.368,2.9,5.2,0.563,0.561,0.7,1.0,0.718,2.4,3.6,6.0,1.3,0.8,1.0,0.8,2.4,7.3,PHI,C,DePaul
Marcus Morris,34,37,7,17.2,2.4,5.5,0.439,1.0,2.4,0.4,1.5,3.1,0.47,0.527,0.8,1.0,0.861,0.5,2.5,2.9,0.7,0.4,0.3,0.5,1.6,6.7,PHI,PF,Kansas
Robert Covington,33,26,3,16.1,1.5,3.4,0.449,0.7,1.8,0.354,0.9,1.6,0.561,0.545,0.8,0.9,0.875,1.1,2.3,3.4,0.7,1.3,0.6,0.4,1.9,4.5,PHI,SF,Tennessee State
Danuel House Jr.,30,34,4,15.0,1.4,3.1,0.448,0.4,1.5,0.3,0.9,1.6,0.582,0.519,1.0,1.4,0.761,0.5,1.2,1.7,0.8,0.4,0.1,0.6,1.3,4.2,PHI,SF,Texas A&M
Mo Bamba,25,57,17,13.0,1.7,3.5,0.49,0.4,1.1,0.391,1.3,2.4,0.537,0.553,0.6,0.9,0.68,1.4,2.8,4.2,0.7,0.4,1.1,0.7,1.8,4.4,PHI,C,Texas
KJ Martin,23,58,2,12.3,1.6,2.9,0.544,0.1,0.4,0.304,1.5,2.6,0.581,0.564,0.4,0.7,0.538,0.7,1.5,2.2,0.9,0.3,0.2,0.5,1.7,3.7,PHI,SF,
Jeff Dowtin,26,12,0,11.8,1.7,3.0,0.556,0.8,1.6,0.474,0.9,1.4,0.647,0.681,0.3,0.3,0.75,0.3,1.4,1.7,2.3,0.6,0.1,0.4,0.1,4.3,PHI,PG,Rhode Island
Jaden Springer,21,32,1,11.8,1.4,3.7,0.39,0.3,1.2,0.216,1.2,2.5,0.469,0.424,0.9,1.1,0.824,0.8,1.0,1.8,1.1,0.8,0.3,0.8,1.5,4.0,PHI,SG,Tennessee
Danny Green,36,2,0,9.0,0.0,1.0,0.0,0.0,0.5,0.0,0.0,0.5,0.0,0.0,0.0,0.0,,0.0,1.0,1.0,0.5,0.5,0.0,0.0,0.5,0.0,PHI,SG,UNC
Ricky Council IV,22,32,0,9.0,1.7,3.5,0.482,0.4,1.0,0.375,1.3,2.5,0.525,0.536,1.7,2.2,0.746,0.4,1.0,1.4,0.5,0.3,0.0,0.2,0.5,5.4,PHI,SG,"Wichita State, Arkansas"
Furkan Korkmaz,26,35,0,8.6,0.9,2.2,0.395,0.4,1.1,0.35,0.5,1.0,0.444,0.487,0.4,0.6,0.7,0.1,0.7,0.9,0.7,0.4,0.1,0.3,0.5,2.5,PHI,SG,
D.J. Wilson,27,2,0,7.5,2.0,3.0,0.667,1.0,1.0,1.0,1.0,2.0,0.5,0.833,0.0,0.0,,0.5,0.5,1.0,1.0,0.0,1.0,0.0,0.5,5.0,PHI,PF,Michigan
Terquavion Smith,21,16,0,5.3,1.1,2.9,0.391,0.8,2.2,0.371,0.3,0.7,0.455,0.533,0.2,0.3,0.6,0.0,0.3,0.3,0.8,0.5,0.0,0.4,0.5,3.3,PHI,PG,NC State
Kenneth Lofton Jr.,21,2,0,4.5,0.5,3.0,0.167,0.0,1.0,0.0,0.5,2.0,0.25,0.167,0.0,0.0,,0.0,1.5,1.5,0.0,0.0,0.0,1.0,0.0,1.0,PHI,PF,Louisiana Tech
Darius Bazley,23,3,0,3.3,0.0,0.3,0.0,0.0,0.0,,0.0,0.3,0.0,0.0,0.0,0.0,,0.0,0.3,0.3,0.7,0.0,0.0,0.3,0.0,0.0,PHI,PF,
Filip PetruÅ¡ev,23,1,0,3.0,0.0,0.0,,0.0,0.0,,0.0,0.0,,,0.0,0.0,,0.0,1.0,1.0,0.0,0.0,0.0,0.0,0.0,0.0,PHI,C,Gonzaga
Javonte Smart,24,1,0,1.0,0.0,0.0,,0.0,0.0,,0.0,0.0,,,0.0,0.0,,0.0,0.0,0.0,0.0,0.0,0.0,0.0,0.0,0.0,PHI,PG,LSU
Bam Adebayo,26,71,71,34.0,7.5,14.3,0.521,0.2,0.6,0.357,7.3,13.7,0.528,0.529,4.1,5.5,0.755,2.2,8.1,10.4,3.9,1.1,0.9,2.3,2.2,19.3,MIA,C,Kentucky
Jimmy Butler,34,60,60,34.0,6.6,13.2,0.499,1.0,2.4,0.414,5.6,10.8,0.519,0.537,6.6,7.7,0.858,1.8,3.6,5.3,5.0,1.3,0.3,1.7,1.1,20.8,MIA,PF,Marquette
Tyler Herro,24,42,40,33.5,7.7,17.5,0.441,3.1,7.9,0.396,4.6,9.6,0.478,0.531,2.3,2.6,0.856,0.5,4.8,5.3,4.5,0.7,0.1,2.2,1.5,20.8,MIA,SG,Kentucky
Terry Rozier,29,31,30,31.5,6.1,14.5,0.423,2.1,5.7,0.371,4.0,8.7,0.458,0.497,2.0,2.2,0.913,0.6,3.6,4.2,4.6,1.0,0.3,1.3,1.6,16.4,MIA,PG,Louisville
Jaime Jaquez Jr.,22,75,20,28.2,4.5,9.3,0.489,0.9,2.7,0.322,3.7,6.6,0.558,0.536,1.9,2.3,0.811,1.1,2.7,3.8,2.6,1.0,0.3,1.5,2.2,11.9,MIA,SF,UCLA
Duncan Robinson,29,68,36,28.0,4.5,9.9,0.45,2.8,7.0,0.395,1.7,3.0,0.579,0.589,1.2,1.3,0.889,0.2,2.3,2.5,2.8,0.7,0.2,1.4,2.4,12.9,MIA,SF,"Williams, Michigan"
Kyle Lowry,37,37,35,28.0,2.8,6.5,0.426,1.7,4.4,0.385,1.1,2.2,0.506,0.554,0.9,1.1,0.833,0.7,2.8,3.5,4.0,1.1,0.4,1.4,2.5,8.2,MIA,PG,Villanova
Caleb Martin,28,64,23,27.4,3.8,8.7,0.431,1.3,3.6,0.349,2.5,5.1,0.489,0.504,1.2,1.5,0.778,1.2,3.2,4.4,2.2,0.7,0.5,1.2,2.0,10.0,MIA,SF,"NC State, Nevada"
Josh Richardson,30,43,6,25.7,3.6,8.1,0.444,1.5,4.4,0.347,2.0,3.7,0.561,0.539,1.2,1.3,0.944,0.4,2.4,2.8,2.4,0.6,0.3,0.8,1.8,9.9,MIA,SG,Tennessee
Haywood Highsmith,27,66,26,20.7,2.3,5.0,0.465,1.2,2.9,0.396,1.2,2.1,0.562,0.581,0.3,0.5,0.639,1.0,2.2,3.2,1.1,0.8,0.5,0.5,1.8,6.1,MIA,PF,Wheeling University
Delon Wright,31,14,1,20.4,1.9,4.7,0.394,0.8,2.1,0.367,1.1,2.6,0.417,0.477,0.9,1.1,0.813,0.4,1.5,1.9,2.6,1.4,0.2,0.2,0.7,5.4,MIA,PG,Utah
Nikola JoviÄ,20,46,38,19.5,2.8,6.1,0.452,1.4,3.5,0.399,1.3,2.6,0.525,0.568,0.7,1.0,0.702,0.5,3.6,4.2,2.0,0.5,0.3,0.9,1.8,7.7,MIA,PF,
Kevin Love,35,55,5,16.8,2.9,6.5,0.44,1.5,4.4,0.344,1.3,2.1,0.643,0.557,1.5,2.0,0.787,1.1,5.1,6.1,2.1,0.3,0.2,0.9,1.8,8.8,MIA,PF,UCLA
Patty Mills,35,13,5,16.4,2.1,6.2,0.338,0.8,4.1,0.208,1.2,2.1,0.593,0.406,0.8,0.8,1.0,0.3,0.8,1.2,1.5,0.8,0.0,0.6,1.2,5.8,MIA,PG,Saint Mary's
Dru Smith,26,9,0,14.6,1.7,3.7,0.455,0.8,1.9,0.412,0.9,1.8,0.5,0.561,0.2,0.2,1.0,0.7,0.9,1.6,1.6,1.0,0.3,0.6,1.3,4.3,MIA,SG,"University of Evansville, Missouri"
Thomas Bryant,26,38,4,11.6,2.3,3.9,0.577,0.1,0.6,0.182,2.2,3.3,0.646,0.591,1.1,1.2,0.872,1.1,2.7,3.7,0.6,0.3,0.4,0.6,1.2,5.7,MIA,C,Indiana
Jamal Cain,24,26,1,10.0,1.3,3.0,0.43,0.4,1.2,0.355,0.9,1.8,0.479,0.5,0.7,0.9,0.783,0.6,0.8,1.4,0.4,0.4,0.2,0.3,0.8,3.7,MIA,PF,"Marquette, Oakland"
R.J. Hampton,22,8,2,9.5,0.5,1.8,0.286,0.1,1.0,0.125,0.4,0.8,0.5,0.321,0.1,0.3,0.5,0.3,0.5,0.8,1.0,0.0,0.0,0.4,1.0,1.3,MIA,PG,
Orlando Robinson,23,36,7,8.4,1.0,2.0,0.5,0.2,0.4,0.533,0.8,1.6,0.491,0.556,0.5,0.7,0.76,0.8,1.6,2.3,0.9,0.2,0.2,0.5,1.0,2.8,MIA,C,Fresno State
Cole Swider,24,18,0,4.8,0.8,2.1,0.395,0.6,1.7,0.333,0.3,0.4,0.625,0.526,0.1,0.1,1.0,0.1,0.3,0.4,0.3,0.1,0.1,0.4,0.2,2.3,MIA,SF,"Villanova, Syracuse"
Alondes Williams,24,7,0,2.3,0.3,1.1,0.25,0.0,0.6,0.0,0.3,0.6,0.5,0.25,0.1,0.1,1.0,0.0,0.1,0.1,0.0,0.0,0.1,0.3,0.3,0.7,MIA,SG,"Triton College, Oklahoma, Wake Forest"
DeMar DeRozan,34,79,79,37.8,8.2,17.2,0.48,0.9,2.8,0.333,7.3,14.3,0.509,0.507,6.6,7.7,0.853,0.5,3.8,4.3,5.3,1.1,0.6,1.7,2.0,24.0,CHI,SF,USC
Coby White,23,79,78,36.5,6.8,15.3,0.447,2.6,7.0,0.376,4.2,8.3,0.508,0.534,2.8,3.3,0.838,0.6,4.0,4.5,5.1,0.7,0.2,2.1,2.4,19.1,CHI,PG,UNC
Zach LaVine,28,25,23,34.9,6.8,15.0,0.452,2.4,6.8,0.349,4.4,8.3,0.536,0.531,3.5,4.1,0.854,0.3,4.8,5.2,3.9,0.8,0.3,2.1,2.3,19.5,CHI,SG,UCLA
Nikola VuÄeviÄ,33,76,74,34.3,7.7,15.9,0.484,1.2,4.1,0.294,6.5,11.8,0.55,0.522,1.4,1.7,0.822,2.8,7.8,10.5,3.3,0.7,0.8,1.6,2.5,18.0,CHI,C,USC
Ayo Dosunmu,24,76,37,29.1,4.7,9.5,0.501,1.6,3.9,0.403,3.2,5.6,0.568,0.583,1.1,1.4,0.81,0.7,2.1,2.8,3.2,0.9,0.5,1.4,2.2,12.2,CHI,SG,Illinois
Alex Caruso,29,71,57,28.7,3.6,7.6,0.468,1.9,4.7,0.408,1.6,2.9,0.563,0.593,1.0,1.4,0.76,0.9,3.0,3.8,3.5,1.7,1.0,1.4,2.5,10.1,CHI,SG,Texas A&M
Patrick Williams,22,43,30,27.3,3.7,8.3,0.443,1.4,3.4,0.399,2.3,4.9,0.474,0.525,1.2,1.5,0.788,1.1,2.8,3.9,1.5,0.9,0.8,1.3,2.0,10.0,CHI,PF,Florida State
Javonte Green,30,9,5,25.6,5.0,8.3,0.6,1.1,3.0,0.37,3.9,5.3,0.729,0.667,1.1,1.4,0.769,2.2,5.2,7.4,0.6,1.1,0.9,0.8,2.1,12.2,CHI,SF,Radford
Torrey Craig,33,53,14,19.8,2.0,4.7,0.43,1.1,2.9,0.392,0.9,1.8,0.49,0.55,0.5,0.7,0.75,1.3,2.8,4.1,1.1,0.6,0.4,0.6,2.1,5.7,CHI,SF,USC Upstate
Andre Drummond,30,79,10,17.1,3.4,6.1,0.556,0.0,0.0,0.0,3.4,6.0,0.56,0.556,1.6,2.8,0.592,3.4,5.6,9.0,0.5,0.9,0.6,1.0,1.8,8.4,CHI,C,UConn
Jevon Carter,28,72,0,13.9,1.9,5.1,0.378,1.1,3.3,0.329,0.8,1.8,0.466,0.484,0.1,0.1,0.571,0.2,0.7,0.8,1.3,0.5,0.2,0.5,1.0,5.0,CHI,PG,West Virginia
Onuralp Bitim,24,23,1,11.7,1.4,3.7,0.381,0.5,1.9,0.273,0.9,1.7,0.5,0.452,0.2,0.2,0.8,0.3,1.1,1.4,0.6,0.1,0.1,0.4,1.0,3.5,CHI,SG,
Dalen Terry,21,59,2,11.5,1.2,2.7,0.439,0.3,1.3,0.23,0.9,1.4,0.627,0.494,0.4,0.7,0.581,0.5,1.4,1.9,1.4,0.5,0.3,0.5,1.4,3.1,CHI,SG,Arizona
Julian Phillips,20,40,0,8.1,0.8,1.9,0.416,0.3,1.0,0.316,0.5,1.0,0.513,0.494,0.3,0.5,0.684,0.3,0.6,0.9,0.3,0.2,0.2,0.3,1.0,2.2,CHI,SF,Tennessee
Henri Drell,23,4,0,7.5,1.0,2.5,0.4,0.5,1.5,0.333,0.5,1.0,0.5,0.5,0.3,0.5,0.5,0.3,0.8,1.0,1.0,0.5,0.3,0.5,1.5,2.8,CHI,SF,
Adama Sanogo,21,9,0,7.3,1.6,3.0,0.519,0.0,0.0,,1.6,3.0,0.519,0.519,0.9,1.3,0.667,2.1,1.9,4.0,0.0,0.1,0.0,0.6,0.6,4.0,CHI,PF,UConn
Terry Taylor,24,31,0,6.1,0.6,1.3,0.513,0.1,0.3,0.222,0.6,1.0,0.6,0.538,0.1,0.2,0.8,0.5,0.6,1.2,0.3,0.2,0.1,0.2,0.5,1.5,CHI,PF,Austin Peay State University
Andrew Funk,24,5,0,2.6,0.0,0.8,0.0,0.0,0.6,0.0,0.0,0.2,0.0,0.0,0.0,0.0,,0.0,0.0,0.0,0.0,0.2,0.2,0.0,0.0,0.0,CHI,SG,"Bucknell, Penn State"
Trae Young,25,54,54,36.0,8.0,18.7,0.43,3.2,8.7,0.373,4.8,10.0,0.479,0.516,6.4,7.5,0.855,0.4,2.3,2.8,10.8,1.3,0.2,4.4,2.0,25.7,ATL,PG,Oklahoma
Dejounte Murray,27,78,78,35.7,8.6,18.8,0.459,2.6,7.1,0.363,6.0,11.7,0.518,0.528,2.7,3.4,0.794,0.8,4.5,5.3,6.4,1.4,0.3,2.6,1.8,22.5,ATL,SG,Washington
Jalen Johnson,22,56,52,33.7,6.4,12.5,0.511,1.3,3.6,0.355,5.1,9.0,0.574,0.562,1.9,2.6,0.728,1.3,7.4,8.7,3.6,1.2,0.8,1.8,2.4,16.0,ATL,SF,Duke
Saddiq Bey,24,63,51,32.7,4.6,11.1,0.416,1.8,5.7,0.316,2.8,5.4,0.522,0.497,2.7,3.2,0.837,2.7,3.9,6.5,1.5,0.8,0.2,0.9,1.4,13.7,ATL,SF,Villanova
Bogdan BogdanoviÄ,31,79,33,30.4,6.0,13.9,0.428,3.0,8.1,0.374,2.9,5.8,0.503,0.537,1.9,2.1,0.921,0.7,2.8,3.4,3.1,1.2,0.3,1.4,2.3,16.9,ATL,SG,
De'Andre Hunter,26,57,37,29.5,5.3,11.6,0.459,2.1,5.3,0.385,3.3,6.3,0.521,0.547,2.9,3.4,0.847,0.5,3.4,3.9,1.5,0.7,0.3,1.5,2.6,15.6,ATL,SF,Virginia
Clint Capela,29,73,73,25.8,4.8,8.5,0.571,0.0,0.0,0.0,4.8,8.5,0.572,0.571,1.8,2.8,0.631,4.6,6.0,10.6,1.2,0.6,1.5,1.0,2.2,11.5,ATL,C,
Onyeka Okongwu,23,55,8,25.5,4.1,6.6,0.611,0.4,1.3,0.333,3.6,5.4,0.676,0.642,1.7,2.1,0.793,2.6,4.2,6.8,1.3,0.5,1.1,0.8,2.9,10.2,ATL,C,USC
Vit Krejci,23,22,14,24.6,2.3,4.7,0.49,1.3,3.1,0.412,1.0,1.6,0.639,0.625,0.2,0.3,0.833,0.5,1.9,2.4,2.3,0.6,0.3,0.9,2.2,6.1,ATL,PG,
Bruno Fernando,25,45,2,15.2,2.4,4.2,0.583,0.0,0.1,0.0,2.4,4.1,0.596,0.583,1.4,2.1,0.667,1.3,3.0,4.3,1.0,0.6,0.6,1.0,2.4,6.3,ATL,C,Maryland
Garrison Mathews,27,66,5,15.0,1.6,3.4,0.456,1.3,2.9,0.44,0.3,0.5,0.545,0.644,0.5,0.6,0.81,0.3,1.1,1.4,0.6,0.3,0.1,0.3,1.7,4.9,ATL,SG,Lipscomb
Mouhamed Gueye,21,6,0,12.2,1.3,3.8,0.348,0.5,1.5,0.333,0.8,2.3,0.357,0.413,0.8,1.0,0.833,1.7,2.0,3.7,0.7,0.8,0.7,0.2,2.2,4.0,ATL,PF,Washington State
Dylan Windler,27,6,0,12.2,1.7,3.2,0.526,1.3,2.8,0.471,0.3,0.3,1.0,0.737,0.0,0.0,,0.5,1.5,2.0,0.5,0.3,0.0,0.3,0.5,4.7,ATL,SF,Belmont
Wesley Matthews,37,36,3,11.5,0.9,2.7,0.351,0.7,1.9,0.348,0.3,0.8,0.357,0.474,0.5,0.7,0.75,0.3,1.2,1.5,0.6,0.4,0.3,0.2,1.2,3.1,ATL,SG,Marquette
Kobe Bufkin,20,17,0,11.5,2.0,5.4,0.37,0.5,2.4,0.225,1.5,3.1,0.481,0.418,0.2,0.5,0.5,0.4,1.6,1.9,1.6,0.4,0.3,0.6,1.2,4.8,ATL,SG,Michigan
Trent Forrest,25,38,0,10.9,0.9,2.4,0.378,0.1,0.3,0.2,0.8,2.1,0.4,0.389,0.3,0.4,0.765,0.3,1.1,1.3,2.4,0.3,0.1,0.5,0.7,2.2,ATL,SG,Florida State
Patty Mills,35,19,0,10.6,1.0,2.7,0.373,0.7,1.8,0.382,0.3,0.9,0.353,0.5,0.0,0.0,,0.3,0.8,1.1,0.7,0.5,0.1,0.4,0.9,2.7,ATL,PG,Saint Mary's
AJ Griffin,20,20,0,8.6,0.9,3.1,0.29,0.5,2.0,0.256,0.4,1.2,0.348,0.371,0.1,0.1,1.0,0.1,0.8,0.9,0.3,0.1,0.1,0.4,0.3,2.4,ATL,SF,Duke
Seth Lundy,23,9,0,5.8,0.4,1.9,0.235,0.3,1.4,0.231,0.1,0.4,0.25,0.324,0.3,0.4,0.75,0.1,0.7,0.8,0.0,0.0,0.0,0.1,0.7,1.6,ATL,SF,Penn State
Mikal Bridges,27,82,82,34.8,6.9,15.8,0.436,2.7,7.2,0.372,4.2,8.6,0.49,0.521,3.1,3.9,0.814,0.8,3.7,4.5,3.6,1.0,0.4,2.0,1.4,19.6,BRK,SF,Villanova
Dennis SchrÃ¶der,30,29,25,32.0,5.4,12.7,0.424,2.1,5.1,0.412,3.3,7.6,0.432,0.507,1.8,2.2,0.797,0.6,2.9,3.5,6.0,0.6,0.3,2.4,2.0,14.6,BRK,PG,
Cam Thomas,22,66,51,31.4,8.0,18.0,0.442,2.2,6.0,0.364,5.8,12.0,0.481,0.503,4.3,5.1,0.856,0.4,2.8,3.2,2.9,0.7,0.2,1.9,2.1,22.5,BRK,SG,LSU
Spencer Dinwiddie,30,48,48,30.7,4.1,10.4,0.391,1.9,5.8,0.32,2.2,4.6,0.48,0.48,2.6,3.3,0.781,0.5,2.8,3.3,6.0,0.8,0.2,1.3,1.8,12.6,BRK,PG,Colorado
Nic Claxton,24,71,71,29.8,5.2,8.2,0.629,0.0,0.1,0.2,5.1,8.1,0.633,0.63,1.5,2.8,0.551,2.7,7.2,9.9,2.1,0.6,2.1,1.3,2.5,11.8,BRK,C,Georgia
Dorian Finney-Smith,30,68,56,28.4,3.2,7.5,0.421,1.7,4.9,0.348,1.4,2.6,0.56,0.535,0.5,0.7,0.717,1.6,3.1,4.7,1.6,0.8,0.6,0.9,2.2,8.5,BRK,PF,Florida
Cameron Johnson,27,58,47,27.6,4.8,10.7,0.446,2.4,6.1,0.391,2.4,4.6,0.519,0.557,1.5,1.9,0.789,0.9,3.4,4.3,2.4,0.8,0.3,1.0,1.8,13.4,BRK,PF,"Pitt, UNC"
Royce O'Neale,30,49,6,24.5,2.6,6.6,0.388,2.0,5.4,0.366,0.6,1.2,0.483,0.537,0.3,0.4,0.682,0.8,3.7,4.5,2.8,0.7,0.6,1.0,2.4,7.4,BRK,SF,"Denver, Baylor"
Ben Simmons,27,15,12,23.9,2.9,4.9,0.581,0.0,0.0,,2.9,4.9,0.581,0.581,0.4,1.0,0.4,2.1,5.9,7.9,5.7,0.8,0.6,1.8,2.4,6.1,BRK,PG,LSU
Dennis Smith Jr.,26,56,2,18.9,2.6,6.0,0.435,0.6,1.9,0.294,2.1,4.1,0.502,0.482,0.8,1.0,0.741,0.9,2.0,2.9,3.6,1.2,0.2,1.2,2.2,6.6,BRK,PG,NC State
Lonnie Walker IV,25,58,0,17.4,3.6,8.5,0.423,1.8,4.7,0.384,1.8,3.8,0.471,0.528,0.8,1.0,0.763,0.2,2.0,2.2,1.3,0.6,0.3,0.9,1.2,9.7,BRK,SG,Miami (FL)
Noah Clowney,19,23,4,16.1,2.2,4.0,0.538,0.5,1.4,0.364,1.7,2.6,0.633,0.602,0.9,1.3,0.7,1.1,2.4,3.5,0.8,0.3,0.7,0.7,1.1,5.8,BRK,PF,Alabama
Jalen Wilson,23,43,3,15.4,1.8,4.2,0.425,0.6,1.7,0.324,1.2,2.4,0.495,0.492,0.9,1.1,0.826,1.1,2.0,3.0,1.0,0.3,0.1,0.4,1.1,5.0,BRK,PF,Kansas
Day'Ron Sharpe,22,61,1,15.1,2.8,4.8,0.571,0.1,0.2,0.267,2.7,4.6,0.588,0.578,1.2,2.0,0.61,2.6,3.7,6.4,1.4,0.4,0.7,1.1,2.1,6.8,BRK,C,UNC
Trendon Watford,23,63,2,13.6,2.6,4.9,0.527,0.4,1.1,0.397,2.2,3.9,0.564,0.571,1.2,1.5,0.794,0.8,2.3,3.1,1.3,0.4,0.3,1.0,1.7,6.9,BRK,PF,LSU
Keon Johnson,21,5,0,12.2,1.6,4.2,0.381,0.8,2.0,0.4,0.8,2.2,0.364,0.476,2.2,2.4,0.917,0.6,0.8,1.4,0.6,0.6,0.2,1.0,1.0,6.2,BRK,SG,Tennessee
Dariq Whitehead,19,2,0,12.0,0.5,2.5,0.2,0.0,1.5,0.0,0.5,1.0,0.5,0.2,0.5,1.0,0.5,0.0,2.0,2.0,1.5,0.0,0.5,0.0,0.0,1.5,BRK,SF,Duke
Jacob Gilyard,25,4,0,11.3,0.0,1.5,0.0,0.0,1.5,0.0,0.0,0.0,,0.0,0.0,0.0,,0.3,0.5,0.8,1.5,1.5,0.0,0.3,1.0,0.0,BRK,PG,Richmond
Armoni Brooks,25,10,0,10.4,1.5,4.6,0.326,1.1,3.2,0.344,0.4,1.4,0.286,0.446,0.1,0.2,0.5,0.7,1.1,1.8,0.5,0.1,0.1,0.3,0.3,4.2,BRK,PG,Houston
Harry Giles,25,16,0,5.1,1.4,2.8,0.5,0.2,0.7,0.273,1.2,2.1,0.576,0.534,0.4,0.8,0.538,0.8,0.9,1.6,0.4,0.1,0.2,0.4,0.9,3.4,BRK,C,Duke
Keita Bates-Diop,28,14,0,4.9,0.6,1.1,0.5,0.1,0.4,0.2,0.5,0.8,0.636,0.531,0.4,0.4,1.0,0.1,0.6,0.6,0.3,0.2,0.1,0.1,0.1,1.6,BRK,SF,Ohio State
Scottie Barnes,22,60,60,34.9,7.5,15.7,0.475,1.7,4.9,0.341,5.8,10.8,0.536,0.528,3.3,4.2,0.781,2.4,5.9,8.2,6.1,1.3,1.5,2.8,2.0,19.9,TOR,SG,Florida State
Pascal Siakam,29,39,39,34.7,8.3,16.0,0.522,1.2,3.7,0.317,7.2,12.3,0.584,0.559,4.3,5.7,0.758,1.4,4.9,6.3,4.9,0.8,0.3,2.1,2.2,22.2,TOR,PF,New Mexico State
RJ Barrett,23,32,32,33.5,8.5,15.4,0.553,1.5,3.8,0.392,7.0,11.6,0.605,0.601,3.3,5.2,0.629,1.1,5.3,6.4,4.1,0.6,0.4,2.5,2.6,21.8,TOR,SG,Duke
Immanuel Quickley,24,38,38,33.3,6.2,14.7,0.422,2.8,7.1,0.395,3.4,7.6,0.448,0.518,3.3,4.0,0.841,0.3,4.5,4.8,6.8,0.9,0.2,1.8,2.0,18.6,TOR,PG,Kentucky
OG Anunoby,26,27,27,33.3,5.8,11.9,0.489,2.3,6.0,0.374,3.6,5.9,0.608,0.584,1.2,1.7,0.717,0.9,3.0,3.9,2.7,1.0,0.5,1.6,2.3,15.1,TOR,SF,Indiana
Dennis SchrÃ¶der,30,51,33,30.6,4.8,11.0,0.442,1.5,4.3,0.35,3.3,6.6,0.501,0.511,2.5,2.9,0.852,0.4,2.3,2.7,6.1,0.9,0.2,1.6,2.1,13.7,TOR,PG,
Gary Trent Jr.,25,71,41,28.1,5.1,11.9,0.426,2.5,6.4,0.393,2.6,5.5,0.464,0.531,1.0,1.4,0.771,0.4,2.3,2.6,1.7,1.1,0.1,0.7,1.4,13.7,TOR,SG,Duke
Jakob Poeltl,28,50,50,26.4,5.0,7.6,0.656,0.0,0.0,,5.0,7.6,0.656,0.656,1.2,2.1,0.551,2.9,5.7,8.6,2.5,0.7,1.5,1.5,3.0,11.1,TOR,C,Utah
Kelly Olynyk,32,28,19,26.4,4.7,8.5,0.548,0.9,2.5,0.338,3.8,6.0,0.637,0.598,2.5,3.0,0.824,1.6,4.0,5.6,4.6,1.3,0.6,2.5,3.5,12.7,TOR,C,Gonzaga
Bruce Brown,27,34,11,26.0,3.8,7.9,0.481,0.6,1.9,0.317,3.2,6.0,0.532,0.519,1.5,1.8,0.833,0.8,3.0,3.8,2.7,0.7,0.3,1.3,2.0,9.6,TOR,PG,Miami (FL)
Ochai Agbaji,23,27,18,23.6,2.7,6.8,0.391,0.6,2.6,0.217,2.1,4.3,0.496,0.432,0.8,1.3,0.611,1.4,1.9,3.3,1.3,0.7,0.6,1.1,1.9,6.7,TOR,SG,Kansas
Gradey Dick,20,60,17,21.1,3.2,7.4,0.425,1.5,4.0,0.365,1.7,3.4,0.495,0.524,0.7,0.9,0.863,0.5,1.8,2.2,1.1,0.6,0.0,0.8,1.5,8.5,TOR,SG,Kansas
Javon Freeman-Liberty,24,22,6,18.3,2.5,5.6,0.444,0.5,1.9,0.238,2.0,3.7,0.549,0.484,1.5,1.6,0.917,0.7,2.5,3.2,1.8,0.5,0.2,1.1,1.3,7.0,TOR,PG,"Valparaiso, DePaul"
Precious Achiuwa,24,25,0,17.5,3.1,6.8,0.459,0.5,1.9,0.277,2.6,4.9,0.528,0.497,1.0,1.7,0.571,2.0,3.4,5.4,1.8,0.6,0.5,1.2,1.6,7.7,TOR,C,Memphis
Jahmi'us Ramsey,22,7,1,17.3,2.6,5.9,0.439,0.9,3.1,0.273,1.7,2.7,0.632,0.512,0.7,0.9,0.833,0.6,2.6,3.1,1.1,1.0,0.0,1.0,1.4,6.7,TOR,SG,Texas Tech
Kobi Simmons,26,4,0,16.8,2.3,5.3,0.429,0.5,2.0,0.25,1.8,3.3,0.538,0.476,0.0,0.0,,0.3,1.5,1.8,3.0,1.5,0.5,0.3,1.3,5.0,TOR,PG,Arizona
Jordan Nwora,25,34,1,15.6,3.0,6.4,0.465,1.0,2.8,0.347,2.0,3.6,0.557,0.541,1.0,1.2,0.833,0.6,2.8,3.4,1.3,0.6,0.4,1.2,0.9,7.9,TOR,SF,Louisville
Malachi Flynn,25,31,0,15.3,1.8,4.4,0.409,0.9,2.6,0.35,0.9,1.8,0.491,0.511,0.5,0.7,0.773,0.4,1.7,2.1,2.4,0.6,0.2,1.1,1.4,5.1,TOR,PG,"Washington State, San Diego State"
Malik Williams,25,7,2,15.3,1.3,4.9,0.265,0.1,0.7,0.2,1.1,4.1,0.276,0.279,0.0,0.3,0.0,2.1,3.3,5.4,0.3,0.4,0.6,0.4,2.1,2.7,TOR,C,
Thaddeus Young,35,23,6,15.2,2.3,3.8,0.621,0.0,0.3,0.167,2.3,3.5,0.654,0.626,0.2,0.5,0.417,1.3,2.0,3.3,2.2,0.8,0.1,0.5,1.7,5.0,TOR,PF,Georgia Tech
Chris Boucher,31,50,0,14.1,2.2,4.3,0.507,0.6,1.9,0.33,1.6,2.5,0.642,0.578,1.4,1.8,0.772,1.2,2.9,4.1,0.5,0.3,0.5,0.6,1.4,6.4,TOR,PF,Oregon
Jontay Porter,24,26,5,13.8,1.5,4.0,0.385,0.8,2.3,0.333,0.8,1.7,0.455,0.481,0.6,0.7,0.833,1.0,2.2,3.2,2.3,0.8,0.8,0.8,1.3,4.4,TOR,PF,Missouri
Otto Porter Jr.,30,15,1,11.6,0.9,2.2,0.424,0.5,1.5,0.348,0.4,0.7,0.6,0.545,0.2,0.2,1.0,0.4,1.5,1.9,0.5,0.3,0.3,0.1,1.3,2.6,TOR,SF,Georgetown
Mouhamadou Gueye,25,11,0,10.9,1.0,3.5,0.289,0.0,0.3,0.0,1.0,3.2,0.314,0.289,0.4,0.8,0.444,1.1,1.0,2.1,0.5,0.3,1.6,1.1,1.4,2.4,TOR,PF,"Monroe Community College, Stony Brook University, Pitt"
Jalen McDaniels,26,50,1,10.8,1.3,3.8,0.344,0.2,1.4,0.169,1.1,2.4,0.449,0.376,0.5,0.7,0.73,0.4,1.2,1.6,0.7,0.4,0.1,0.6,1.0,3.4,TOR,SF,San Diego State
Garrett Temple,37,27,2,10.7,1.1,2.9,0.372,0.4,1.5,0.3,0.6,1.4,0.447,0.449,0.7,0.8,0.818,0.7,1.0,1.7,1.0,0.4,0.1,0.5,1.0,3.3,TOR,SG,LSU
D.J. Carton,23,4,0,9.0,0.8,2.0,0.375,0.3,1.0,0.25,0.5,1.0,0.5,0.438,1.0,1.3,0.8,0.5,0.5,1.0,0.8,0.3,0.0,0.3,0.8,2.8,TOR,SG,"Ohio State, Marquette"
Markquis Nowell,24,1,0,4.0,0.0,1.0,0.0,0.0,0.0,,0.0,1.0,0.0,0.0,2.0,2.0,1.0,2.0,0.0,2.0,2.0,1.0,0.0,0.0,0.0,2.0,TOR,SG,"Little Rock, Kansas State"
Ron Harper Jr.,23,1,0,4.0,0.0,0.0,,0.0,0.0,,0.0,0.0,,,0.0,0.0,,0.0,0.0,0.0,1.0,0.0,0.0,0.0,2.0,0.0,TOR,PF,Rutgers University
Kira Lewis Jr.,22,1,0,2.0,0.0,0.0,,0.0,0.0,,0.0,0.0,,,0.0,0.0,,0.0,0.0,0.0,0.0,0.0,0.0,0.0,1.0,0.0,TOR,PG,Alabama
Miles Bridges,25,69,67,37.4,8.1,17.5,0.462,2.3,6.5,0.349,5.8,11.0,0.529,0.527,2.5,3.1,0.825,1.0,6.3,7.3,3.3,0.9,0.5,2.0,1.7,21.0,CHO,SF,Michigan State
Terry Rozier,29,30,30,35.5,8.4,18.3,0.459,2.8,7.7,0.358,5.6,10.6,0.533,0.535,3.6,4.3,0.845,0.6,3.3,3.9,6.6,1.1,0.4,2.2,1.7,23.2,CHO,SG,Louisville
LaMelo Ball,22,22,22,32.3,8.3,19.2,0.433,3.2,9.0,0.355,5.1,10.3,0.5,0.515,4.1,4.7,0.865,1.3,3.8,5.1,8.0,1.8,0.2,3.8,3.6,23.9,CHO,PG,
Brandon Miller,21,74,68,32.2,6.4,14.6,0.44,2.5,6.7,0.373,3.9,8.0,0.495,0.524,1.9,2.3,0.827,0.8,3.4,4.3,2.4,0.9,0.6,1.8,2.5,17.3,CHO,SF,Alabama
Gordon Hayward,33,25,25,31.9,5.6,11.9,0.468,0.9,2.4,0.361,4.7,9.4,0.496,0.505,2.5,3.2,0.765,1.0,3.7,4.7,4.6,1.1,0.5,2.0,1.8,14.5,CHO,SF,Butler
Tre Mann,22,28,28,31.0,4.5,9.9,0.453,1.4,3.8,0.364,3.1,6.0,0.509,0.524,1.6,2.1,0.759,0.6,3.9,4.5,5.2,1.7,0.1,2.0,1.6,11.9,CHO,PG,Florida
Grant Williams,25,29,10,30.6,5.0,9.9,0.503,1.6,4.3,0.373,3.4,5.6,0.605,0.585,2.2,2.9,0.765,1.4,3.8,5.1,3.2,0.7,0.4,1.9,3.1,13.9,CHO,PF,Tennessee
P.J. Washington,25,44,17,29.2,5.2,11.6,0.446,1.8,5.5,0.324,3.4,6.0,0.558,0.524,1.5,2.1,0.713,1.2,4.1,5.3,2.2,0.9,0.7,1.5,2.5,13.6,CHO,PF,Kentucky
Vasilije MiciÄ,30,30,21,27.2,4.1,9.3,0.437,1.1,3.6,0.294,3.0,5.7,0.529,0.495,1.6,1.9,0.839,0.4,1.7,2.1,6.2,0.7,0.1,2.3,1.5,10.8,CHO,PG,
Cody Martin,28,28,22,26.9,2.9,7.7,0.381,1.0,3.1,0.314,2.0,4.6,0.426,0.444,0.7,1.2,0.606,0.7,3.2,3.9,3.7,1.1,0.6,1.6,1.7,7.5,CHO,SF,"NC State, Nevada"
Mark Williams,22,19,19,26.7,5.2,7.9,0.649,0.0,0.0,,5.2,7.9,0.649,0.649,2.4,3.4,0.719,4.0,5.7,9.7,1.2,0.8,1.1,0.9,2.6,12.7,CHO,C,Duke
Nick Richards,26,67,51,26.3,3.9,5.6,0.691,0.0,0.0,0.0,3.9,5.6,0.693,0.691,2.0,2.7,0.737,2.6,5.5,8.0,0.8,0.4,1.1,1.1,2.6,9.7,CHO,C,Kentucky
DÄvis BertÄns,31,28,1,20.8,2.9,7.4,0.394,2.4,6.3,0.375,0.6,1.1,0.5,0.553,0.6,0.6,0.889,0.3,1.6,1.8,0.9,0.8,0.3,0.6,1.6,8.8,CHO,PF,
Seth Curry,33,8,1,19.9,3.3,7.4,0.441,1.1,3.5,0.321,2.1,3.9,0.548,0.517,1.4,1.5,0.917,0.4,1.6,2.0,1.8,0.6,0.4,0.6,0.9,9.0,CHO,SG,"Liberty, Duke"
Aleksej Pokusevski,22,18,0,19.2,2.5,5.8,0.429,0.9,2.4,0.364,1.6,3.4,0.475,0.505,1.6,2.1,0.757,0.8,3.6,4.4,1.7,0.8,0.7,0.9,0.9,7.4,CHO,PF,
Ish Smith,35,43,5,17.2,1.5,3.7,0.418,0.1,0.2,0.5,1.4,3.5,0.413,0.43,0.1,0.1,0.75,0.3,1.5,1.8,3.4,0.4,0.1,1.1,1.1,3.2,CHO,PG,Wake Forest
ThÃ©o Maledon,22,13,1,15.4,1.5,5.1,0.288,0.4,2.3,0.167,1.1,2.8,0.389,0.326,0.8,0.9,0.917,0.3,1.5,1.8,2.2,0.5,0.0,1.2,1.4,4.2,CHO,PG,
Bryce McGowens,21,59,14,14.9,1.7,3.9,0.439,0.6,1.7,0.333,1.1,2.2,0.523,0.513,1.1,1.4,0.776,0.3,1.4,1.7,0.9,0.4,0.2,0.5,1.3,5.1,CHO,SG,Nebraska
Nick Smith Jr.,19,51,0,14.3,2.2,5.7,0.391,1.2,2.9,0.432,1.0,2.8,0.35,0.5,0.3,0.3,0.867,0.4,1.1,1.4,1.2,0.2,0.1,0.8,1.1,5.9,CHO,SG,Arkansas
Marques Bolden,25,9,2,13.1,1.9,2.8,0.68,0.0,0.1,0.0,1.9,2.7,0.708,0.68,0.3,0.4,0.75,1.1,2.4,3.6,0.4,0.3,0.8,0.3,1.0,4.1,CHO,C,Duke
JT Thor,21,63,3,12.4,1.3,2.9,0.437,0.4,1.3,0.346,0.8,1.6,0.51,0.514,0.2,0.3,0.55,0.7,1.6,2.3,0.5,0.2,0.4,0.2,1.0,3.2,CHO,PF,Auburn
Nathan Mensah,25,25,0,12.3,0.5,1.1,0.429,0.0,0.0,,0.5,1.1,0.429,0.429,0.4,0.5,0.75,1.2,1.4,2.6,0.4,0.2,0.6,0.6,2.6,1.3,CHO,C,San Diego State
Leaky Black,24,26,3,10.9,1.0,2.0,0.481,0.3,0.8,0.45,0.6,1.2,0.5,0.567,0.4,0.6,0.667,0.3,1.5,1.8,0.9,0.3,0.4,0.2,0.7,2.7,CHO,SF,UNC
Frank Ntilikina,25,5,0,8.6,0.2,1.8,0.111,0.2,1.6,0.125,0.0,0.2,0.0,0.167,0.4,0.4,1.0,0.2,1.0,1.2,0.8,0.0,0.0,0.2,0.8,1.0,CHO,PG,
Amari Bailey,19,10,0,6.5,0.8,2.4,0.333,0.1,0.8,0.125,0.7,1.6,0.438,0.354,0.6,0.7,0.857,0.6,0.3,0.9,0.7,0.3,0.0,0.4,0.2,2.3,CHO,PG,UCLA
James Bouknight,23,14,0,5.8,1.3,2.9,0.439,0.9,2.1,0.433,0.4,0.8,0.455,0.598,0.1,0.1,0.5,0.1,0.6,0.6,0.4,0.1,0.1,0.1,0.2,3.6,CHO,SG,UConn
Kyle Kuzma,28,70,70,32.6,8.7,18.8,0.463,2.2,6.4,0.336,6.5,12.3,0.53,0.521,2.7,3.4,0.775,0.9,5.7,6.6,4.2,0.5,0.7,2.7,2.2,22.2,WAS,PF,Utah
Jordan Poole,24,78,66,30.1,6.3,15.2,0.413,2.4,7.2,0.326,3.9,8.0,0.492,0.491,2.5,2.8,0.877,0.4,2.3,2.7,4.4,1.1,0.3,2.4,3.1,17.4,WAS,SG,Michigan
Deni Avdija,23,75,75,30.1,5.4,10.7,0.506,1.2,3.1,0.374,4.2,7.6,0.56,0.56,2.7,3.6,0.74,1.1,6.1,7.2,3.8,0.8,0.5,2.1,2.5,14.7,WAS,SF,
Tyus Jones,27,66,66,29.3,4.9,10.1,0.489,1.6,3.9,0.414,3.3,6.2,0.537,0.569,0.5,0.6,0.8,0.3,2.4,2.7,7.3,1.1,0.3,1.0,0.7,12.0,WAS,PG,Duke
Bilal Coulibaly,19,63,15,27.2,3.0,6.9,0.435,1.0,2.9,0.346,2.0,3.9,0.502,0.509,1.5,2.1,0.702,0.9,3.2,4.1,1.7,0.9,0.8,1.4,2.2,8.4,WAS,SF,
Daniel Gafford,25,45,45,26.5,4.5,6.5,0.69,0.0,0.0,,4.5,6.5,0.69,0.69,1.9,2.6,0.706,2.9,5.1,8.0,1.5,1.0,2.2,1.0,3.3,10.9,WAS,C,Arkansas
Corey Kispert,24,80,22,25.8,4.8,9.9,0.486,2.3,6.0,0.383,2.5,3.9,0.643,0.602,1.4,2.0,0.726,0.4,2.4,2.8,2.0,0.5,0.2,1.2,1.8,13.4,WAS,SF,Gonzaga
Marvin Bagley III,24,24,15,24.0,5.5,9.5,0.581,0.3,0.7,0.471,5.2,8.8,0.59,0.599,1.9,2.7,0.708,3.5,4.6,8.1,1.2,0.6,0.8,1.3,1.7,13.3,WAS,C,Duke
Richaun Holmes,30,17,8,18.7,2.9,5.2,0.557,0.1,0.2,0.333,2.8,5.0,0.565,0.563,1.3,1.5,0.846,2.2,3.9,6.1,0.6,0.5,0.6,0.7,2.4,7.1,WAS,PF,Bowling Green
Landry Shamet,26,46,5,15.8,2.6,6.0,0.431,1.2,3.4,0.338,1.4,2.5,0.556,0.527,0.8,1.0,0.826,0.3,1.0,1.3,1.2,0.5,0.2,0.7,1.7,7.1,WAS,SG,Wichita State
Justin Champagnie,22,15,1,15.7,2.1,5.2,0.41,0.9,3.0,0.289,1.3,2.2,0.576,0.494,0.8,1.0,0.8,1.3,2.3,3.5,1.3,0.7,0.6,0.7,0.9,5.9,WAS,SF,Pitt
Tristan Vukcevic,20,10,4,15.3,2.9,6.7,0.433,1.0,3.6,0.278,1.9,3.1,0.613,0.507,1.7,2.2,0.773,0.6,3.0,3.6,1.3,0.5,0.7,1.0,2.8,8.5,WAS,C,
Danilo Gallinari,35,26,0,14.8,2.2,5.0,0.435,0.8,2.5,0.313,1.4,2.6,0.552,0.511,1.8,2.2,0.839,0.5,2.5,2.9,1.2,0.2,0.1,0.5,1.0,7.0,WAS,PF,
Jared Butler,23,40,0,14.2,2.5,5.0,0.488,0.6,2.0,0.308,1.9,3.1,0.602,0.547,0.8,0.9,0.861,0.2,1.2,1.5,3.2,0.7,0.2,1.3,1.5,6.3,WAS,SG,Baylor
Mike Muscala,32,24,2,14.1,1.4,3.8,0.367,0.6,2.1,0.275,0.8,1.6,0.487,0.444,0.6,0.8,0.75,0.9,2.2,3.1,0.9,0.2,0.3,0.7,1.3,4.0,WAS,C,Bucknell
Delon Wright,31,33,0,13.8,1.5,3.7,0.393,0.4,1.2,0.368,1.0,2.5,0.405,0.451,0.7,0.9,0.828,0.4,1.4,1.8,2.5,1.1,0.2,0.3,0.7,4.1,WAS,PG,Utah
Patrick Baldwin Jr.,21,38,7,13.0,1.6,4.1,0.381,0.8,2.6,0.32,0.7,1.5,0.483,0.481,0.5,0.7,0.679,0.4,2.8,3.2,0.8,0.5,0.4,0.5,1.5,4.4,WAS,SF,UW-Milwaukee
Johnny Davis,21,50,6,12.3,1.2,3.1,0.403,0.3,0.8,0.35,1.0,2.3,0.421,0.448,0.3,0.5,0.583,0.4,1.1,1.4,0.6,0.4,0.2,0.3,1.1,3.0,WAS,SG,Wisconsin
Anthony Gill,31,50,3,9.3,1.5,3.2,0.469,0.2,0.8,0.244,1.3,2.4,0.546,0.5,0.6,0.7,0.806,0.7,1.1,1.9,0.7,0.3,0.2,0.5,1.0,3.8,WAS,PF,"South Carolina, Virginia"
Eugene Omoruyi,26,43,0,9.1,1.9,3.9,0.485,0.3,1.1,0.283,1.6,2.8,0.562,0.524,0.7,1.1,0.653,0.8,1.2,2.0,0.8,0.6,0.1,0.5,1.4,4.8,WAS,SF,"Rutgers University, Oregon"
Jules Bernard,24,19,0,7.8,1.5,3.4,0.453,0.6,1.5,0.379,0.9,1.8,0.514,0.539,0.3,0.5,0.556,0.5,0.8,1.4,0.8,0.2,0.1,0.4,0.7,3.9,WAS,SG,UCLA
Ryan Rollins,21,10,0,6.6,1.3,2.5,0.52,0.2,0.3,0.667,1.1,2.2,0.5,0.56,1.3,1.7,0.765,0.2,0.9,1.1,1.1,0.8,0.3,0.7,0.7,4.1,WAS,PG,Toledo
Hamidou Diallo,25,2,0,2.5,0.5,1.0,0.5,0.0,0.0,,0.5,1.0,0.5,0.5,0.0,0.0,,1.0,0.0,1.0,0.5,1.0,0.0,0.5,0.5,1.0,WAS,SG,Kentucky
Trey Jemison,24,2,0,0.5,0.0,0.0,,0.0,0.0,,0.0,0.0,,,0.0,0.0,,0.0,0.5,0.5,0.0,0.0,0.0,0.5,0.0,0.0,WAS,C,"Clemson, UAB"
Cade Cunningham,22,62,62,33.5,8.5,18.8,0.449,1.9,5.4,0.355,6.5,13.4,0.487,0.5,3.8,4.4,0.869,0.5,3.8,4.3,7.5,0.9,0.4,3.4,2.5,22.7,DET,PG,Oklahoma State
Bojan BogdanoviÄ,34,28,27,32.9,7.1,15.2,0.468,3.1,7.4,0.415,4.0,7.8,0.518,0.569,2.9,3.7,0.779,0.5,2.9,3.4,2.5,0.8,0.1,2.3,2.0,20.2,DET,PF,
Isaiah Stewart,22,46,45,30.9,4.0,8.3,0.487,1.5,3.8,0.383,2.6,4.5,0.575,0.575,1.4,1.8,0.753,1.6,5.0,6.6,1.6,0.4,0.8,1.4,2.2,10.9,DET,PF,Washington
Simone Fontecchio,28,16,9,30.3,5.7,11.9,0.479,2.7,6.3,0.426,3.0,5.6,0.539,0.592,1.4,1.6,0.846,0.8,3.6,4.4,1.8,0.9,0.3,1.1,1.8,15.4,DET,SF,
Chimezie Metu,26,14,7,29.4,4.1,8.1,0.5,0.9,3.1,0.302,3.1,5.1,0.62,0.557,1.4,1.5,0.952,1.2,4.8,6.0,1.9,1.7,0.5,1.8,2.3,10.5,DET,C,USC
Jalen Duren,20,61,60,29.1,5.7,9.2,0.619,0.0,0.1,0.0,5.7,9.2,0.623,0.619,2.3,3.0,0.79,3.1,8.5,11.6,2.4,0.5,0.8,2.1,3.1,13.8,DET,C,Memphis
Jaden Ivey,21,77,61,28.8,5.4,12.6,0.429,1.6,4.8,0.336,3.8,7.8,0.485,0.492,2.9,3.9,0.749,1.1,2.3,3.4,3.8,0.7,0.5,2.5,2.6,15.4,DET,SG,Purdue
Ausar Thompson,21,63,38,25.1,3.7,7.6,0.483,0.3,1.8,0.186,3.3,5.8,0.575,0.505,1.1,1.9,0.597,2.0,4.3,6.4,1.9,1.1,0.9,1.3,2.8,8.8,DET,SF,
Killian Hayes,22,42,31,24.0,2.8,6.7,0.413,0.5,1.8,0.297,2.3,5.0,0.455,0.452,0.8,1.2,0.66,0.3,2.6,2.8,4.9,0.9,0.5,1.2,1.8,6.9,DET,PG,
Tosan Evbuomwan,22,13,8,22.5,2.5,4.3,0.571,0.8,1.8,0.417,1.7,2.5,0.688,0.661,1.3,1.9,0.68,0.8,2.8,3.5,0.8,0.5,0.3,0.6,1.4,7.0,DET,SF,Princeton
Alec Burks,32,43,0,21.0,3.7,9.4,0.394,2.3,5.7,0.401,1.4,3.7,0.384,0.516,2.8,3.1,0.903,0.4,2.2,2.6,1.6,0.5,0.3,0.7,1.5,12.6,DET,SG,Colorado
Isaiah Livers,25,23,6,20.4,1.7,5.0,0.345,1.0,3.3,0.286,0.8,1.7,0.462,0.44,0.5,0.8,0.667,0.7,1.4,2.1,1.1,0.6,0.2,0.7,1.9,5.0,DET,PF,Michigan
Quentin Grimes,23,6,0,19.2,1.5,7.0,0.214,0.7,4.7,0.143,0.8,2.3,0.357,0.262,1.7,1.8,0.909,0.2,1.8,2.0,2.3,0.8,0.7,1.2,1.5,5.3,DET,SG,"Kansas, Houston"
Troy Brown Jr.,24,22,12,19.0,1.5,4.9,0.296,0.7,2.6,0.281,0.7,2.3,0.314,0.37,0.6,0.7,0.867,0.5,2.8,3.3,1.1,0.7,0.0,0.5,0.7,4.2,DET,SF,Oregon
Marcus Sasser,23,71,11,19.0,3.1,7.2,0.428,1.3,3.4,0.375,1.8,3.8,0.474,0.516,0.8,0.9,0.879,0.2,1.6,1.8,3.3,0.6,0.2,1.3,1.5,8.3,DET,PG,Houston
Evan Fournier,31,29,0,18.7,2.6,6.9,0.373,1.1,4.0,0.27,1.5,3.0,0.512,0.45,0.9,1.2,0.794,0.2,1.7,1.9,1.6,0.9,0.2,0.7,1.5,7.2,DET,SG,
Marvin Bagley III,24,26,10,18.4,4.1,7.0,0.591,0.0,0.2,0.167,4.1,6.7,0.606,0.594,1.9,2.3,0.82,1.8,2.8,4.5,1.0,0.2,0.5,1.1,1.5,10.2,DET,C,Duke
Kevin Knox,24,31,11,18.1,2.8,6.0,0.462,1.0,3.0,0.33,1.8,3.0,0.598,0.546,0.6,0.7,0.909,0.6,1.8,2.4,0.7,0.4,0.2,0.7,1.6,7.2,DET,SF,Kentucky
James Wiseman,22,63,6,17.3,3.0,4.8,0.613,0.0,0.0,0.0,3.0,4.8,0.617,0.613,1.1,1.6,0.706,1.7,3.6,5.3,0.9,0.2,0.6,1.0,2.2,7.1,DET,C,Memphis
Shake Milton,27,4,0,15.8,2.8,6.5,0.423,0.8,2.3,0.333,2.0,4.3,0.471,0.481,0.5,0.8,0.667,1.8,2.8,4.5,1.5,0.5,0.3,0.8,0.8,6.8,DET,SG,SMU
Danilo Gallinari,35,6,0,15.0,2.0,3.7,0.545,1.2,2.0,0.583,0.8,1.7,0.5,0.705,3.5,4.0,0.875,0.3,2.0,2.3,2.0,0.3,0.3,0.2,1.5,8.7,DET,SF,
Jaylen Nowell,24,4,0,14.5,3.0,5.8,0.522,0.5,1.5,0.333,2.5,4.3,0.588,0.565,1.0,1.5,0.667,0.8,1.8,2.5,0.8,0.3,0.5,0.5,0.5,7.5,DET,SG,Washington
Jared Rhoden,24,17,0,14.4,1.9,3.9,0.5,0.7,1.8,0.387,1.2,2.1,0.6,0.591,0.3,0.5,0.625,0.2,1.8,1.9,0.8,0.2,0.8,0.4,1.6,4.9,DET,SG,Seton Hall
Malachi Flynn,25,24,0,14.3,3.0,6.9,0.43,1.0,3.2,0.316,2.0,3.7,0.528,0.503,1.1,1.6,0.684,0.3,1.5,1.8,2.1,0.8,0.1,1.1,0.9,8.0,DET,PG,"Washington State, San Diego State"
Mike Muscala,32,13,4,13.2,1.2,3.4,0.341,1.0,2.6,0.382,0.2,0.8,0.2,0.489,0.2,0.3,0.5,0.8,1.5,2.2,0.8,0.2,0.4,0.2,1.0,3.5,DET,C,Bucknell
Stanley Umude,24,24,2,12.8,1.5,3.5,0.44,1.0,2.2,0.453,0.5,1.3,0.419,0.583,1.2,1.3,0.906,0.3,1.8,2.1,0.5,0.3,0.3,0.6,1.7,5.3,DET,SG,"South Dakota, Arkansas"
Monte Morris,28,6,0,11.3,2.0,5.5,0.364,0.3,1.8,0.182,1.7,3.7,0.455,0.394,0.2,0.3,0.5,0.3,1.7,2.0,1.3,0.2,0.2,0.3,0.2,4.5,DET,PG,Iowa State
Joe Harris,32,16,0,10.6,0.9,2.4,0.359,0.6,1.9,0.333,0.3,0.6,0.444,0.487,0.1,0.1,0.5,0.2,0.6,0.8,0.6,0.2,0.1,0.3,1.2,2.4,DET,SG,Virginia
Taj Gibson,38,4,0,9.8,2.0,3.5,0.571,0.5,1.0,0.5,1.5,2.5,0.6,0.643,0.0,0.0,,0.5,1.8,2.3,0.5,0.3,0.3,0.0,0.8,4.5,DET,PF,USC
Buddy Boeheim,24,10,0,8.4,0.9,2.9,0.31,0.8,2.5,0.32,0.1,0.4,0.25,0.448,0.8,1.0,0.8,0.3,0.7,1.0,0.3,0.0,0.1,0.0,0.5,3.4,DET,SF,Syracuse
Malcolm Cazalon,22,1,0,3.0,0.0,0.0,,0.0,0.0,,0.0,0.0,,,0.0,0.0,,0.0,0.0,0.0,0.0,0.0,0.0,0.0,0.0,0.0,DET,SG,
Shai Gilgeous-Alexander,25,75,75,34.0,10.6,19.8,0.535,1.3,3.6,0.353,9.3,16.2,0.576,0.567,7.6,8.7,0.874,0.9,4.7,5.5,6.2,2.0,0.9,2.2,2.5,30.1,OKC,PG,Kentucky
Jalen Williams,22,71,71,31.3,7.5,14.0,0.54,1.5,3.4,0.427,6.1,10.6,0.576,0.592,2.5,3.1,0.814,0.5,3.5,4.0,4.5,1.1,0.6,1.7,2.5,19.1,OKC,PF,Santa Clara
Chet Holmgren,21,82,82,29.4,6.2,11.6,0.53,1.6,4.3,0.37,4.6,7.4,0.623,0.598,2.7,3.4,0.793,1.6,6.3,7.9,2.4,0.6,2.3,1.6,2.4,16.5,OKC,C,Gonzaga
Luguentz Dort,24,79,79,28.4,3.6,8.3,0.438,2.0,5.0,0.394,1.7,3.3,0.506,0.557,1.6,2.0,0.826,0.9,2.7,3.6,1.4,0.9,0.6,0.9,2.9,10.9,OKC,SF,Arizona State
Josh Giddey,21,80,80,25.1,5.0,10.6,0.475,1.0,3.0,0.337,4.0,7.6,0.53,0.523,1.3,1.6,0.806,1.4,5.0,6.4,4.8,0.6,0.6,2.1,1.4,12.3,OKC,SG,
Cason Wallace,20,82,13,20.6,2.6,5.4,0.491,1.2,2.9,0.419,1.5,2.5,0.572,0.602,0.4,0.5,0.784,0.6,1.6,2.3,1.5,0.9,0.5,0.5,1.6,6.8,OKC,SG,Kentucky
Isaiah Joe,24,78,1,18.5,2.8,6.2,0.458,1.9,4.5,0.416,1.0,1.7,0.568,0.609,0.6,0.7,0.865,0.4,1.9,2.3,1.3,0.6,0.3,0.6,1.1,8.2,OKC,SG,Arkansas
Gordon Hayward,33,26,3,17.2,1.8,4.1,0.453,0.6,1.1,0.517,1.3,3.0,0.429,0.524,1.0,1.5,0.692,0.5,2.0,2.5,1.6,0.5,0.0,0.6,0.8,5.3,OKC,SF,Butler
Aaron Wiggins,25,78,4,15.7,2.7,4.8,0.562,0.8,1.6,0.492,1.9,3.2,0.598,0.645,0.7,0.9,0.789,0.8,1.6,2.4,1.1,0.7,0.2,0.7,1.2,6.9,OKC,SG,Maryland
Kenrich Williams,29,69,1,14.9,1.9,4.1,0.468,0.8,2.0,0.397,1.1,2.0,0.54,0.568,0.1,0.2,0.5,0.9,2.1,3.0,1.3,0.6,0.1,0.5,1.5,4.7,OKC,PF,TCU
Jaylin Williams,21,69,1,13.0,1.4,3.3,0.417,0.8,2.1,0.368,0.6,1.2,0.5,0.533,0.5,0.6,0.805,0.5,2.9,3.4,1.6,0.4,0.4,0.5,1.4,4.0,OKC,C,Arkansas
Vasilije MiciÄ,30,30,0,12.0,1.2,3.0,0.407,0.4,1.5,0.244,0.9,1.5,0.565,0.467,0.5,0.6,0.737,0.0,0.8,0.8,2.5,0.3,0.1,1.0,0.7,3.3,OKC,PG,
Ousmane Dieng,20,33,0,11.1,1.5,3.5,0.422,0.6,2.1,0.3,0.8,1.4,0.609,0.513,0.4,0.5,0.875,0.3,1.2,1.5,1.1,0.2,0.2,0.6,0.7,4.0,OKC,PF,
Tre Mann,22,13,0,9.2,1.5,3.1,0.5,0.6,1.5,0.421,0.9,1.6,0.571,0.6,0.1,0.1,1.0,0.3,1.5,1.8,1.5,0.2,0.0,0.7,0.2,3.8,OKC,PG,Florida
Lindy Waters III,26,38,0,7.4,1.3,2.7,0.471,1.0,2.2,0.435,0.3,0.5,0.632,0.649,0.1,0.1,1.0,0.2,0.9,1.1,0.6,0.1,0.2,0.2,0.6,3.6,OKC,SG,Oklahoma State
Keyontae Johnson,23,9,0,7.3,0.6,1.8,0.313,0.1,0.3,0.333,0.4,1.4,0.308,0.344,0.0,0.0,,0.4,0.7,1.1,0.4,0.1,0.0,0.4,0.6,1.2,OKC,SF,"Florida, Kansas State"
Bismack Biyombo,31,10,0,7.3,0.7,1.2,0.583,0.0,0.0,,0.7,1.2,0.583,0.583,0.4,0.8,0.5,0.5,1.3,1.8,0.2,0.1,0.3,0.4,0.7,1.8,OKC,C,
Adam Flagler,24,2,0,7.0,0.5,3.5,0.143,0.5,3.0,0.167,0.0,0.5,0.0,0.214,0.0,0.0,,0.0,0.0,0.0,2.0,0.0,0.0,0.0,0.0,1.5,OKC,SG,"Presbyterian College, Baylor"
Olivier Sarr,24,15,0,6.5,0.7,1.3,0.579,0.1,0.4,0.333,0.6,0.9,0.692,0.632,0.7,1.0,0.667,0.7,1.7,2.4,0.1,0.0,0.5,0.2,1.2,2.3,OKC,C,"Wake Forest, Kentucky"
DÄvis BertÄns,31,15,0,6.1,0.7,1.7,0.385,0.7,1.6,0.417,0.0,0.1,0.0,0.577,0.9,1.0,0.933,0.1,0.5,0.7,0.6,0.2,0.2,0.1,0.7,2.9,OKC,PF,
Aleksej Pokusevski,22,10,0,6.0,0.4,1.6,0.25,0.2,1.1,0.182,0.2,0.5,0.4,0.313,0.2,0.4,0.5,0.2,0.8,1.0,0.5,0.1,0.1,0.3,0.5,1.2,OKC,PF,
Mike Muscala,32,16,0,5.7,0.5,1.4,0.364,0.1,0.7,0.091,0.4,0.7,0.636,0.386,0.0,0.1,0.0,0.4,0.9,1.3,0.3,0.1,0.1,0.3,0.5,1.1,OKC,C,Bucknell
Nikola JokiÄ,28,79,79,34.6,10.4,17.9,0.583,1.1,2.9,0.359,9.4,14.9,0.626,0.612,4.5,5.5,0.817,2.8,9.5,12.4,9.0,1.4,0.9,3.0,2.5,26.4,DEN,C,
Michael Porter Jr.,25,81,81,31.7,6.4,13.3,0.484,2.7,6.8,0.397,3.7,6.5,0.575,0.586,1.1,1.4,0.836,1.3,5.7,7.0,1.5,0.5,0.7,1.1,1.8,16.7,DEN,SF,Missouri
Kentavious Caldwell-Pope,30,76,76,31.6,3.6,7.7,0.46,1.6,4.1,0.406,1.9,3.7,0.52,0.566,1.3,1.5,0.894,0.4,2.0,2.4,2.4,1.3,0.6,1.0,2.0,10.1,DEN,SG,Georgia
Aaron Gordon,28,73,73,31.5,5.5,9.8,0.556,0.5,1.9,0.29,4.9,7.9,0.619,0.584,2.4,3.7,0.658,2.4,4.1,6.5,3.5,0.8,0.6,1.4,1.9,13.9,DEN,PF,Arizona
Jamal Murray,26,59,59,31.5,8.0,16.7,0.481,2.5,5.8,0.425,5.6,10.9,0.51,0.554,2.7,3.1,0.853,0.7,3.4,4.1,6.5,1.0,0.7,2.1,1.8,21.2,DEN,PG,Kentucky
Reggie Jackson,33,82,23,22.2,4.0,9.2,0.431,1.2,3.5,0.359,2.7,5.8,0.475,0.499,1.0,1.2,0.806,0.4,1.5,1.9,3.8,0.5,0.2,1.3,1.8,10.2,DEN,PG,Boston College
Christian Braun,22,82,4,20.2,2.7,5.9,0.46,0.8,2.0,0.384,1.9,3.9,0.498,0.525,1.1,1.6,0.694,1.0,2.8,3.7,1.6,0.5,0.4,0.7,1.7,7.3,DEN,SG,Kansas
Peyton Watson,21,80,4,18.6,2.6,5.6,0.465,0.6,1.9,0.296,2.0,3.7,0.553,0.516,0.9,1.3,0.67,0.7,2.5,3.2,1.1,0.5,1.1,0.7,1.8,6.7,DEN,SF,UCLA
Justin Holiday,34,58,9,14.9,1.5,3.3,0.454,0.9,2.3,0.404,0.6,1.0,0.569,0.595,0.1,0.1,0.75,0.2,1.1,1.2,1.2,0.6,0.2,0.2,1.2,4.0,DEN,SG,Washington
DeAndre Jordan,35,36,2,11.0,1.6,2.6,0.624,0.0,0.0,,1.6,2.6,0.624,0.624,0.7,1.5,0.491,1.5,2.9,4.4,0.7,0.2,0.4,0.6,1.6,3.9,DEN,C,Texas A&M
Julian Strawther,21,50,0,10.9,1.6,4.4,0.369,0.8,2.8,0.297,0.8,1.7,0.488,0.462,0.4,0.6,0.71,0.1,1.1,1.2,0.9,0.3,0.1,0.5,1.1,4.5,DEN,SF,Gonzaga
Zeke Nnaji,23,58,0,9.9,1.2,2.6,0.463,0.1,0.4,0.261,1.1,2.2,0.5,0.483,0.7,1.1,0.677,1.1,1.1,2.2,0.6,0.3,0.7,0.5,1.4,3.2,DEN,PF,Arizona
Collin Gillespie,24,24,0,9.4,1.3,2.9,0.464,0.6,1.6,0.395,0.7,1.3,0.548,0.572,0.3,0.5,0.667,0.0,0.8,0.9,1.1,0.5,0.0,0.6,1.0,3.6,DEN,PG,Villanova
Jalen Pickett,24,27,0,4.5,0.6,1.3,0.429,0.3,0.9,0.36,0.2,0.4,0.6,0.557,0.1,0.1,0.75,0.0,0.5,0.5,0.8,0.1,0.0,0.3,0.5,1.6,DEN,SG,"Siena College, Penn State"
Braxton Key,26,20,0,3.0,0.4,0.9,0.412,0.1,0.3,0.4,0.3,0.6,0.417,0.471,0.3,0.4,0.75,0.2,0.8,0.9,0.5,0.1,0.1,0.1,0.3,1.1,DEN,SF,"Alabama, Virginia"
Hunter Tyson,23,18,0,2.7,0.4,1.1,0.4,0.2,0.8,0.286,0.2,0.3,0.667,0.5,0.0,0.0,,0.1,0.4,0.5,0.1,0.1,0.0,0.1,0.6,1.1,DEN,PF,Clemson
Jay Huff,25,20,0,2.5,0.5,0.8,0.6,0.2,0.5,0.333,0.3,0.3,1.0,0.7,0.1,0.1,1.0,0.1,0.5,0.6,0.1,0.1,0.2,0.1,0.5,1.2,DEN,C,Virginia
Anthony Edwards,22,79,78,35.1,9.1,19.7,0.461,2.4,6.7,0.357,6.7,13.0,0.515,0.522,5.4,6.4,0.836,0.7,4.8,5.4,5.1,1.3,0.5,3.1,1.8,25.9,MIN,SG,Georgia
Rudy Gobert,31,76,76,34.1,5.3,8.1,0.661,0.0,0.0,0.0,5.3,8.0,0.664,0.661,3.3,5.1,0.638,3.8,9.2,12.9,1.3,0.7,2.1,1.6,3.1,14.0,MIN,C,
Karl-Anthony Towns,28,62,62,32.7,7.7,15.3,0.504,2.2,5.3,0.416,5.5,10.1,0.55,0.575,4.1,4.7,0.873,1.5,6.8,8.3,3.0,0.7,0.7,2.9,3.3,21.8,MIN,PF,Kentucky
Jaden McDaniels,23,72,71,29.2,4.3,8.7,0.489,1.2,3.5,0.337,3.1,5.2,0.592,0.557,0.8,1.1,0.722,0.8,2.3,3.1,1.4,0.9,0.6,1.2,3.0,10.5,MIN,SF,Washington
Mike Conley,36,76,76,28.9,3.9,8.5,0.457,2.4,5.3,0.442,1.5,3.1,0.481,0.595,1.3,1.5,0.911,0.5,2.4,2.9,5.9,1.2,0.2,1.3,1.7,11.4,MIN,PG,Ohio State
Naz Reid,24,81,14,24.2,5.0,10.5,0.477,2.1,5.0,0.414,2.9,5.5,0.535,0.576,1.3,1.8,0.736,0.9,4.3,5.2,1.3,0.8,0.9,1.4,2.1,13.5,MIN,C,LSU
Nickeil Alexander-Walker,25,82,20,23.4,2.9,6.6,0.439,1.6,4.1,0.391,1.3,2.5,0.517,0.56,0.6,0.8,0.8,0.4,1.6,2.0,2.5,0.8,0.5,0.9,1.7,8.0,MIN,SG,Virginia Tech
Kyle Anderson,30,79,10,22.6,2.5,5.5,0.46,0.1,0.6,0.229,2.4,4.9,0.488,0.472,1.2,1.7,0.708,0.8,2.7,3.5,4.2,0.9,0.6,1.2,1.6,6.4,MIN,PF,UCLA
Monte Morris,28,27,0,15.1,1.9,4.4,0.417,0.9,2.2,0.424,0.9,2.3,0.41,0.521,0.4,0.6,0.706,0.2,1.5,1.7,2.3,0.7,0.3,0.2,0.5,5.1,MIN,PG,Iowa State
Shake Milton,27,38,0,12.9,1.7,4.2,0.4,0.4,1.4,0.264,1.3,2.8,0.467,0.444,0.9,1.2,0.818,0.2,1.2,1.3,1.3,0.4,0.1,0.7,1.2,4.7,MIN,SG,SMU
T.J. Warren,30,11,0,11.4,1.6,3.7,0.439,0.2,1.2,0.154,1.5,2.5,0.571,0.463,0.3,0.4,0.75,0.5,1.5,2.0,0.8,0.4,0.1,0.4,1.0,3.7,MIN,SF,NC State
Jordan McLaughlin,27,56,0,11.2,1.3,2.6,0.483,0.8,1.6,0.472,0.5,1.0,0.5,0.628,0.2,0.3,0.722,0.3,1.0,1.3,2.0,0.6,0.1,0.3,0.6,3.5,MIN,PG,USC
Troy Brown Jr.,24,37,3,11.1,1.4,3.2,0.441,0.8,2.3,0.369,0.6,0.9,0.618,0.572,0.5,0.6,0.864,0.4,1.6,1.9,0.9,0.2,0.1,0.5,0.7,4.2,MIN,SF,Oregon
Luka Garza,25,25,0,4.9,1.4,3.0,0.48,0.4,1.3,0.281,1.1,1.7,0.628,0.54,0.7,1.0,0.72,0.8,0.5,1.2,0.2,0.2,0.0,0.2,1.0,4.0,MIN,C,Iowa
Daishen Nix,21,15,0,3.3,0.6,1.6,0.375,0.4,1.1,0.353,0.2,0.5,0.429,0.5,0.2,0.4,0.5,0.1,0.1,0.2,0.4,0.3,0.0,0.3,0.1,1.8,MIN,PG,
Leonard Miller,20,17,0,3.1,0.8,1.2,0.65,0.1,0.3,0.4,0.6,0.9,0.733,0.7,0.1,0.1,0.5,0.3,0.9,1.2,0.5,0.1,0.1,0.1,0.3,1.7,MIN,SF,
Wendell Moore Jr.,22,25,0,3.0,0.4,0.7,0.5,0.0,0.2,0.0,0.4,0.5,0.75,0.5,0.0,0.0,,0.0,0.5,0.5,0.2,0.2,0.0,0.2,0.2,0.7,MIN,SG,Duke
Josh Minott,21,32,0,2.8,0.5,1.1,0.472,0.1,0.3,0.4,0.4,0.8,0.5,0.528,0.4,0.4,0.857,0.1,0.4,0.5,0.3,0.2,0.2,0.1,0.3,1.6,MIN,SF,Memphis
Justin Jackson,28,2,0,0.5,0.0,0.0,,0.0,0.0,,0.0,0.0,,,0.0,0.0,,0.0,0.0,0.0,0.0,0.0,0.0,0.0,0.0,0.0,MIN,SF,UNC
Kawhi Leonard,32,68,68,34.3,9.0,17.1,0.525,2.1,4.9,0.417,6.9,12.1,0.569,0.585,3.7,4.2,0.885,1.2,4.9,6.1,3.6,1.6,0.9,1.8,1.4,23.7,LAC,SF,San Diego State
James Harden,34,72,72,34.3,4.9,11.4,0.428,2.6,6.8,0.381,2.3,4.6,0.497,0.541,4.2,4.8,0.878,0.5,4.7,5.1,8.5,1.1,0.8,2.6,1.8,16.6,LAC,PG,Arizona State
Paul George,33,74,74,33.8,7.9,16.7,0.471,3.3,7.9,0.413,4.6,8.8,0.523,0.569,3.6,3.9,0.907,0.5,4.7,5.2,3.5,1.5,0.5,2.1,2.7,22.6,LAC,PF,Fresno State
Ivica Zubac,26,68,68,26.4,5.0,7.6,0.649,0.0,0.0,,5.0,7.6,0.649,0.649,1.8,2.4,0.723,2.9,6.3,9.2,1.4,0.3,1.2,1.2,2.6,11.7,LAC,C,
Norman Powell,30,76,3,26.2,4.9,10.1,0.486,2.2,5.1,0.435,2.7,5.1,0.536,0.594,1.9,2.3,0.831,0.2,2.4,2.6,1.1,0.6,0.3,0.9,1.8,13.9,LAC,SG,UCLA
Terance Mann,27,75,71,25.0,3.4,6.6,0.515,0.9,2.7,0.348,2.4,3.9,0.633,0.587,1.1,1.3,0.832,1.2,2.2,3.4,1.6,0.6,0.2,0.6,1.9,8.8,LAC,SG,Florida State
Robert Covington,33,3,3,23.0,1.0,3.0,0.333,0.7,2.7,0.25,0.3,0.3,1.0,0.444,0.3,0.7,0.5,0.7,2.0,2.7,2.3,2.0,0.7,0.0,2.3,3.0,LAC,PF,Tennessee State
Russell Westbrook,35,68,11,22.5,4.4,9.8,0.454,0.6,2.3,0.273,3.8,7.5,0.509,0.486,1.6,2.4,0.688,1.4,3.7,5.0,4.5,1.1,0.3,2.1,1.8,11.1,LAC,PG,UCLA
Amir Coffey,26,70,13,20.9,2.4,5.0,0.472,1.0,2.6,0.38,1.4,2.4,0.571,0.571,0.9,1.0,0.859,0.4,1.7,2.1,1.1,0.6,0.2,0.5,1.5,6.6,LAC,SF,Minnesota
Nicolas Batum,35,3,0,18.0,1.0,2.7,0.375,0.7,2.3,0.286,0.3,0.3,1.0,0.5,0.0,0.0,,0.0,2.3,2.3,1.7,1.0,1.3,0.3,1.7,2.7,LAC,PF,
Daniel Theis,31,59,3,17.1,2.6,4.9,0.536,0.4,1.2,0.371,2.2,3.7,0.589,0.581,0.6,0.8,0.76,1.4,2.7,4.1,1.0,0.4,0.9,0.7,2.1,6.3,LAC,C,
KJ Martin,23,2,0,15.5,2.0,5.0,0.4,0.5,2.5,0.2,1.5,2.5,0.6,0.45,0.5,1.0,0.5,0.5,1.0,1.5,0.5,1.0,0.5,1.0,1.5,5.0,LAC,SF,
P.J. Tucker,38,28,7,15.0,0.6,1.6,0.356,0.4,1.1,0.367,0.2,0.5,0.333,0.478,0.1,0.1,1.0,1.0,1.6,2.5,0.6,0.5,0.2,0.2,1.6,1.6,LAC,PF,Texas
Mason Plumlee,33,46,11,14.7,1.9,3.3,0.569,0.0,0.1,0.0,1.9,3.2,0.592,0.569,1.5,2.2,0.707,1.3,3.8,5.1,1.2,0.3,0.4,0.8,1.5,5.3,LAC,C,Duke
Bones Hyland,23,37,5,14.6,2.6,6.8,0.386,1.2,3.6,0.326,1.4,3.1,0.457,0.474,0.5,0.6,0.783,0.1,1.4,1.5,2.5,0.7,0.1,1.2,1.4,6.9,LAC,PG,VCU
Brandon Boston Jr.,22,32,0,10.8,2.0,5.0,0.404,0.4,1.6,0.269,1.6,3.4,0.468,0.447,0.7,1.0,0.697,0.6,1.0,1.6,0.4,0.3,0.3,0.8,1.3,5.2,LAC,SF,Kentucky
Kobe Brown,24,44,0,9.0,0.8,2.0,0.411,0.3,1.1,0.292,0.5,1.0,0.548,0.489,0.0,0.0,0.5,0.5,1.0,1.4,0.6,0.3,0.1,0.2,1.1,2.0,LAC,PF,Missouri
Xavier Moon,29,14,1,8.5,1.1,3.3,0.326,0.1,1.2,0.118,0.9,2.1,0.448,0.348,0.1,0.1,0.5,0.6,0.7,1.3,1.5,0.2,0.2,0.4,0.6,2.4,LAC,SG,"Northwest Florida State College, Morehead State University"
Moussa DiabatÃ©,22,11,0,5.8,0.9,1.7,0.526,0.0,0.0,,0.9,1.7,0.526,0.526,0.8,1.3,0.643,1.4,0.8,2.2,0.4,0.5,0.1,0.2,0.4,2.6,LAC,C,Michigan
Joshua Primo,21,2,0,5.0,0.5,1.5,0.333,0.0,0.5,0.0,0.5,1.0,0.5,0.333,0.0,0.0,,0.5,0.0,0.5,0.0,0.0,0.5,2.0,0.0,1.0,LAC,SG,Alabama
Jordan Miller,24,8,0,3.5,0.6,1.1,0.556,0.1,0.3,0.5,0.5,0.9,0.571,0.611,0.3,0.3,1.0,0.4,0.3,0.6,0.0,0.0,0.0,0.1,0.3,1.6,LAC,SF,"George Mason, Miami (FL)"
Luka DonÄiÄ,24,70,70,37.5,11.5,23.6,0.487,4.1,10.6,0.382,7.4,13.0,0.573,0.573,6.8,8.7,0.786,0.8,8.4,9.2,9.8,1.4,0.5,4.0,2.1,33.9,DAL,PG,
Kyrie Irving,31,58,58,35.0,9.7,19.5,0.497,3.0,7.3,0.411,6.7,12.2,0.548,0.573,3.3,3.6,0.905,0.8,4.2,5.0,5.2,1.3,0.5,1.8,1.9,25.6,DAL,SG,Duke
P.J. Washington,25,29,28,32.2,4.4,10.4,0.421,1.8,5.8,0.314,2.6,4.6,0.556,0.508,1.1,1.8,0.627,1.1,5.1,6.2,1.5,1.2,0.9,1.0,2.0,11.7,DAL,PF,Kentucky
Tim Hardaway Jr.,31,79,12,26.8,5.0,12.4,0.402,2.7,7.6,0.353,2.3,4.8,0.478,0.51,1.8,2.1,0.852,0.3,2.9,3.2,1.8,0.5,0.1,0.9,1.3,14.4,DAL,SF,Michigan
Grant Williams,25,47,33,26.4,2.8,6.7,0.413,1.7,4.5,0.376,1.1,2.3,0.486,0.538,0.9,1.2,0.745,1.0,2.6,3.6,1.7,0.5,0.6,1.1,2.9,8.1,DAL,PF,Tennessee
Josh Green,23,57,33,26.4,3.1,6.6,0.479,1.3,3.3,0.385,1.9,3.3,0.572,0.575,0.7,1.0,0.684,0.7,2.5,3.2,2.3,0.8,0.2,1.1,1.9,8.2,DAL,SG,Arizona
Derrick Jones Jr.,26,76,66,23.5,3.1,6.5,0.483,1.1,3.1,0.343,2.1,3.4,0.613,0.566,1.3,1.8,0.713,1.1,2.2,3.3,1.0,0.7,0.7,0.9,1.6,8.6,DAL,SF,UNLV
Dereck Lively II,19,55,42,23.5,4.0,5.4,0.747,0.0,0.0,0.0,4.0,5.3,0.752,0.747,0.7,1.5,0.506,2.5,4.4,6.9,1.1,0.7,1.4,0.9,2.6,8.8,DAL,C,Duke
Daniel Gafford,25,29,21,21.5,5.0,6.4,0.78,0.0,0.0,,5.0,6.4,0.78,0.78,1.2,1.9,0.607,2.2,4.7,6.9,1.6,0.7,1.9,1.0,2.8,11.2,DAL,PF,Arkansas
Maxi Kleber,32,43,7,20.3,1.5,3.4,0.432,0.7,2.1,0.348,0.7,1.3,0.574,0.541,0.8,1.1,0.702,0.7,2.6,3.3,1.6,0.4,0.7,0.7,1.8,4.4,DAL,C,
Dante Exum,28,55,17,19.8,2.9,5.5,0.533,1.0,2.0,0.491,2.0,3.5,0.557,0.621,1.0,1.2,0.779,0.5,2.3,2.7,2.9,0.4,0.1,0.9,1.5,7.8,DAL,PG,
Jaden Hardy,21,73,7,13.5,2.7,6.6,0.407,1.1,3.1,0.362,1.6,3.5,0.447,0.492,0.8,1.0,0.776,0.3,1.5,1.8,1.5,0.3,0.1,0.8,1.1,7.3,DAL,SG,
Dwight Powell,32,63,9,13.3,1.1,1.7,0.679,0.0,0.0,0.333,1.1,1.6,0.689,0.684,1.0,1.4,0.708,1.5,1.9,3.4,1.3,0.4,0.3,0.5,1.8,3.3,DAL,C,Stanford
Alex Fudge,20,2,0,13.0,2.5,4.5,0.556,0.5,1.5,0.333,2.0,3.0,0.667,0.611,0.0,0.0,,1.0,0.5,1.5,0.0,1.5,0.0,0.5,0.5,5.5,DAL,SF,"LSU, Florida"
Seth Curry,33,36,3,12.7,1.5,4.0,0.372,0.8,2.2,0.363,0.7,1.8,0.385,0.472,0.5,0.5,0.895,0.4,1.0,1.4,0.8,0.5,0.1,0.4,0.9,4.3,DAL,SG,"Liberty, Duke"
Richaun Holmes,30,23,2,10.3,1.4,2.6,0.559,0.0,0.0,,1.4,2.6,0.559,0.559,0.5,0.9,0.571,1.4,2.0,3.4,0.7,0.1,0.4,0.5,1.4,3.4,DAL,C,Bowling Green
Olivier-Maxence Prosper,21,40,1,8.4,1.0,2.6,0.385,0.3,1.1,0.289,0.7,1.5,0.458,0.447,0.7,1.0,0.683,0.6,1.4,2.0,0.6,0.2,0.1,0.2,0.5,3.0,DAL,PF,"Clemson, Marquette"
Markieff Morris,34,26,1,8.3,0.9,2.6,0.338,0.6,1.6,0.357,0.3,1.0,0.308,0.449,0.2,0.2,0.833,0.2,1.3,1.5,0.6,0.2,0.1,0.5,0.5,2.5,DAL,PF,Kansas
Dexter Dennis,24,4,0,7.5,2.5,4.8,0.526,0.3,2.0,0.125,2.3,2.8,0.818,0.553,0.3,0.8,0.333,0.3,2.0,2.3,1.0,0.0,0.3,0.8,0.3,5.5,DAL,SG,"Wichita State, Texas A&M"
A.J. Lawson,23,42,0,7.4,1.3,2.9,0.446,0.3,1.2,0.26,1.0,1.7,0.577,0.5,0.4,0.5,0.652,0.3,0.9,1.2,0.5,0.2,0.1,0.3,0.5,3.2,DAL,SG,South Carolina
Greg Brown III,22,6,0,6.7,0.8,1.8,0.455,0.2,0.5,0.333,0.7,1.3,0.5,0.5,0.7,1.5,0.444,0.5,1.0,1.5,0.7,0.0,0.7,0.7,0.8,2.5,DAL,PF,Texas
Brandon Williams,24,17,0,6.6,1.2,3.2,0.37,0.2,0.9,0.2,1.0,2.3,0.436,0.398,0.6,1.0,0.647,0.2,0.5,0.8,1.0,0.1,0.1,0.4,0.2,3.2,DAL,PG,Arizona
Kevin Durant,35,75,75,37.2,10.0,19.1,0.523,2.2,5.4,0.413,7.8,13.7,0.567,0.581,4.8,5.6,0.856,0.5,6.1,6.6,5.0,0.9,1.2,3.3,1.8,27.1,PHO,PF,Texas
Devin Booker,27,68,68,36.0,9.4,19.2,0.492,2.2,6.1,0.364,7.2,13.0,0.552,0.55,6.0,6.7,0.886,0.8,3.7,4.5,6.9,0.9,0.4,2.6,3.0,27.1,PHO,PG,Kentucky
Grayson Allen,28,75,74,33.5,4.5,9.1,0.499,2.7,5.9,0.461,1.8,3.2,0.57,0.649,1.7,2.0,0.878,0.6,3.3,3.9,3.0,0.9,0.6,1.3,2.1,13.5,PHO,SG,Duke
Bradley Beal,30,53,53,33.3,7.1,13.9,0.513,1.9,4.4,0.43,5.2,9.4,0.552,0.582,2.1,2.5,0.813,1.0,3.4,4.4,5.0,1.0,0.5,2.5,2.4,18.2,PHO,SG,Florida
Eric Gordon,35,68,24,27.8,4.0,9.1,0.443,2.2,5.8,0.378,1.8,3.3,0.561,0.565,0.8,0.9,0.797,0.2,1.6,1.8,2.0,1.0,0.4,1.1,1.2,11.0,PHO,SG,Indiana
Jusuf NurkiÄ,29,76,76,27.3,4.2,8.3,0.51,0.3,1.2,0.244,3.9,7.1,0.555,0.528,2.2,3.4,0.64,2.9,8.1,11.0,4.0,1.1,1.1,2.3,3.3,10.9,PHO,C,
Royce O'Neale,30,30,8,25.1,2.9,7.1,0.411,2.0,5.2,0.376,1.0,1.9,0.509,0.549,0.3,0.4,0.692,0.7,4.5,5.2,2.7,0.9,0.5,0.7,1.8,8.1,PHO,SF,"Denver, Baylor"
Josh Okogie,25,60,11,16.0,1.4,3.4,0.417,0.5,1.6,0.309,1.0,1.9,0.509,0.488,1.3,1.7,0.745,1.2,1.3,2.6,1.1,0.8,0.4,0.6,1.1,4.6,PHO,SG,Georgia Tech
Drew Eubanks,26,75,6,15.6,2.0,3.4,0.601,0.0,0.0,1.0,2.0,3.3,0.596,0.607,1.0,1.2,0.774,1.4,2.9,4.3,0.8,0.4,0.8,0.8,1.5,5.1,PHO,C,Oregon State
Keita Bates-Diop,28,39,8,15.3,1.6,3.8,0.427,0.5,1.6,0.313,1.1,2.2,0.512,0.493,0.7,0.9,0.722,0.8,1.8,2.6,0.9,0.6,0.5,0.3,0.8,4.5,PHO,SF,Ohio State
Jordan Goodwin,25,40,0,14.0,1.9,4.8,0.389,0.6,2.0,0.288,1.3,2.8,0.46,0.448,0.6,0.7,0.862,1.0,1.9,2.9,2.0,0.6,0.2,0.7,1.1,5.0,PHO,PG,Saint Louis
Yuta Watanabe,29,29,0,13.2,1.2,3.3,0.361,0.8,2.6,0.32,0.4,0.8,0.5,0.485,0.3,0.5,0.667,0.4,1.2,1.6,0.3,0.3,0.2,0.6,1.2,3.6,PHO,SF,George Washington
Chimezie Metu,26,37,5,12.1,1.8,3.5,0.508,0.4,1.4,0.294,1.4,2.1,0.646,0.565,1.0,1.2,0.884,0.6,2.3,3.0,0.5,0.5,0.2,0.7,1.1,5.0,PHO,C,USC
Bol Bol,24,43,0,10.9,2.2,3.5,0.616,0.5,1.2,0.423,1.7,2.3,0.717,0.689,0.3,0.4,0.789,0.7,2.4,3.2,0.4,0.2,0.6,0.4,1.0,5.2,PHO,PF,Oregon
Nassir Little,23,45,2,10.2,1.3,2.8,0.46,0.5,1.6,0.3,0.8,1.2,0.667,0.544,0.4,0.4,0.85,0.3,1.4,1.7,0.5,0.2,0.2,0.3,0.9,3.4,PHO,SF,UNC
Thaddeus Young,35,10,0,8.9,1.1,2.1,0.524,0.0,0.1,0.0,1.1,2.0,0.55,0.524,0.1,0.3,0.333,1.7,1.1,2.8,0.7,0.5,0.2,0.4,1.1,2.3,PHO,PF,Georgia Tech
Saben Lee,24,24,0,7.7,0.8,2.3,0.364,0.1,0.7,0.125,0.8,1.6,0.462,0.382,1.2,1.6,0.744,0.4,0.9,1.3,1.3,0.3,0.1,0.3,0.5,3.0,PHO,PG,Vanderbilt
Udoka Azubuike,24,16,0,7.1,1.0,1.4,0.696,0.0,0.0,,1.0,1.4,0.696,0.696,0.2,0.8,0.231,0.7,1.3,2.0,0.2,0.1,0.4,0.3,1.1,2.2,PHO,C,Kansas
Ish Wainright,29,4,0,4.0,0.3,1.5,0.167,0.3,1.0,0.25,0.0,0.5,0.0,0.25,0.0,0.0,,0.8,0.5,1.3,0.3,0.5,0.0,0.3,1.0,0.8,PHO,SF,Baylor
David Roddy,22,17,0,3.7,0.6,1.4,0.435,0.1,0.5,0.125,0.5,0.9,0.6,0.457,0.1,0.1,1.0,0.1,0.5,0.6,0.2,0.1,0.0,0.2,0.2,1.3,PHO,PF,Colorado State
ThÃ©o Maledon,22,4,0,3.3,0.3,1.0,0.25,0.0,0.0,,0.3,1.0,0.25,0.25,0.8,0.8,1.0,0.0,0.3,0.3,0.0,0.0,0.0,0.8,0.8,1.3,PHO,PG,
Isaiah Thomas,34,6,0,3.2,0.5,1.7,0.3,0.3,0.7,0.5,0.2,1.0,0.167,0.4,0.0,0.0,,0.0,0.0,0.0,0.5,0.0,0.0,0.0,0.0,1.3,PHO,PG,Washington
Brandon Ingram,26,64,64,32.9,7.8,15.9,0.492,1.3,3.8,0.355,6.5,12.1,0.534,0.534,3.8,4.8,0.801,0.7,4.4,5.1,5.7,0.8,0.6,2.5,2.3,20.8,NOP,SF,Duke
CJ McCollum,32,66,66,32.7,7.3,16.0,0.459,3.6,8.4,0.429,3.7,7.5,0.492,0.572,1.7,2.1,0.827,0.6,3.7,4.3,4.6,0.9,0.6,1.7,1.9,20.0,NOP,PG,Lehigh
Zion Williamson,23,70,70,31.5,8.9,15.6,0.57,0.1,0.3,0.333,8.8,15.4,0.574,0.573,5.0,7.1,0.702,1.7,4.1,5.8,5.0,1.1,0.7,2.8,2.3,22.9,NOP,PF,Duke
Herbert Jones,25,76,76,30.5,3.9,7.7,0.498,1.5,3.6,0.418,2.4,4.1,0.568,0.595,1.8,2.1,0.867,1.0,2.6,3.6,2.6,1.4,0.8,1.2,2.9,11.0,NOP,SF,Alabama
Trey Murphy III,23,57,23,29.6,4.8,10.9,0.443,3.0,7.8,0.38,1.9,3.1,0.602,0.579,2.2,2.6,0.815,0.7,4.2,4.9,2.2,0.9,0.5,0.6,1.2,14.8,NOP,SF,"Rice University, Virginia"
Jonas ValanÄiÅ«nas,31,82,82,23.5,4.9,8.8,0.559,0.5,1.5,0.308,4.5,7.3,0.609,0.585,2.0,2.5,0.785,2.3,6.5,8.8,2.1,0.4,0.8,1.4,2.7,12.2,NOP,C,
Dyson Daniels,20,61,16,22.3,2.3,5.1,0.447,0.7,2.2,0.311,1.6,2.9,0.551,0.514,0.6,0.9,0.642,1.0,2.9,3.9,2.7,1.4,0.4,1.0,1.7,5.8,NOP,PG,
Larry Nance Jr.,31,61,0,19.9,2.3,4.0,0.573,0.4,1.1,0.415,1.8,2.9,0.631,0.629,0.8,1.0,0.77,1.5,3.5,5.0,1.9,1.0,0.3,0.8,1.6,5.7,NOP,C,Wyoming
Naji Marshall,26,66,1,19.0,2.6,5.6,0.463,0.9,2.3,0.387,1.7,3.3,0.516,0.542,1.0,1.3,0.791,0.8,2.8,3.6,1.9,0.7,0.2,1.0,1.4,7.1,NOP,SF,Xavier
Jose Alvarado,25,56,0,18.4,2.5,6.2,0.412,1.4,3.7,0.377,1.1,2.5,0.464,0.525,0.6,0.9,0.673,0.4,1.8,2.3,2.1,1.1,0.3,0.7,1.6,7.1,NOP,PG,Georgia Tech
Jordan Hawkins,21,67,10,17.3,2.6,6.8,0.382,1.6,4.4,0.366,1.0,2.4,0.411,0.501,1.0,1.2,0.838,0.4,1.8,2.2,1.0,0.3,0.1,0.6,1.1,7.8,NOP,SG,UConn
Matt Ryan,26,28,1,13.9,1.8,4.0,0.434,1.5,3.3,0.451,0.3,0.8,0.364,0.615,0.5,0.5,0.929,0.2,1.2,1.4,0.6,0.2,0.0,0.7,1.1,5.4,NOP,SF,"Notre Dame, Vanderbilt, Chattanooga"
Kira Lewis Jr.,22,15,0,9.6,1.1,3.5,0.308,0.1,1.3,0.1,0.9,2.1,0.438,0.327,0.7,0.7,0.909,0.3,0.7,0.9,1.2,0.3,0.1,0.5,0.5,2.9,NOP,PG,Alabama
Dereon Seabron,23,6,0,9.2,0.7,2.2,0.308,0.2,0.3,0.5,0.5,1.8,0.273,0.346,0.8,1.0,0.833,0.2,1.0,1.2,0.8,0.3,0.2,0.0,0.7,2.3,NOP,SG,NC State
Jeremiah Robinson-Earl,23,39,1,8.6,1.2,2.4,0.474,0.3,1.0,0.333,0.8,1.4,0.571,0.542,0.3,0.4,0.75,0.6,1.4,1.9,0.5,0.3,0.1,0.4,0.6,2.9,NOP,PF,Villanova
Cody Zeller,31,43,0,7.4,0.6,1.4,0.419,0.0,0.1,0.333,0.6,1.4,0.424,0.427,0.5,0.9,0.605,1.1,1.5,2.6,0.9,0.2,0.1,0.4,1.0,1.8,NOP,C,Indiana
Kaiser Gates,27,1,0,7.0,0.0,4.0,0.0,0.0,2.0,0.0,0.0,2.0,0.0,0.0,0.0,0.0,,0.0,1.0,1.0,0.0,0.0,0.0,0.0,0.0,0.0,NOP,SF,Xavier
Jalen Crutcher,24,1,0,3.0,0.0,1.0,0.0,0.0,0.0,,0.0,1.0,0.0,0.0,0.0,0.0,,0.0,0.0,0.0,0.0,0.0,0.0,0.0,0.0,0.0,NOP,PG,Dayton
Izaiah Brockington,24,1,0,3.0,2.0,5.0,0.4,0.0,1.0,0.0,2.0,4.0,0.5,0.4,0.0,0.0,,1.0,1.0,2.0,0.0,0.0,0.0,0.0,0.0,4.0,NOP,PG,"St. Bonaventure, Penn State, Iowa State"
E.J. Liddell,23,8,0,2.9,0.1,0.8,0.167,0.0,0.6,0.0,0.1,0.1,1.0,0.167,0.3,0.3,1.0,0.0,0.6,0.6,0.1,0.3,0.3,0.3,0.3,0.5,NOP,PF,Ohio State
Anthony Davis,30,76,76,35.5,9.4,16.9,0.556,0.4,1.4,0.271,9.0,15.5,0.582,0.567,5.5,6.8,0.816,3.1,9.5,12.6,3.5,1.2,2.3,2.1,2.3,24.7,LAL,C,Kentucky
LeBron James,39,71,71,35.3,9.6,17.9,0.54,2.1,5.1,0.41,7.5,12.8,0.592,0.599,4.3,5.7,0.75,0.9,6.4,7.3,8.3,1.3,0.5,3.5,1.1,25.7,LAL,PF,
D'Angelo Russell,27,76,69,32.7,6.5,14.2,0.456,3.0,7.2,0.415,3.5,7.0,0.497,0.56,2.1,2.5,0.828,0.4,2.7,3.1,6.3,0.9,0.5,2.1,2.1,18.0,LAL,PG,Ohio State
Austin Reaves,25,82,57,32.1,5.6,11.5,0.486,1.9,5.1,0.367,3.7,6.3,0.583,0.568,2.8,3.3,0.853,0.7,3.6,4.3,5.5,0.8,0.3,2.1,1.9,15.9,LAL,SG,"Wichita State, Oklahoma"
Taurean Prince,29,78,49,27.0,3.2,7.3,0.442,1.8,4.6,0.396,1.4,2.8,0.519,0.566,0.6,0.9,0.735,0.3,2.7,2.9,1.5,0.7,0.4,0.9,1.9,8.9,LAL,PF,Baylor
Rui Hachimura,25,68,39,26.9,5.3,9.9,0.537,1.4,3.4,0.422,3.9,6.5,0.597,0.609,1.5,2.0,0.739,0.9,3.5,4.3,1.2,0.6,0.4,0.7,1.5,13.6,LAL,PF,Gonzaga
Spencer Dinwiddie,30,28,4,24.2,2.0,5.0,0.397,1.3,3.2,0.389,0.8,1.8,0.412,0.521,1.6,1.8,0.88,0.1,1.5,1.7,2.4,0.5,0.5,1.0,1.9,6.8,LAL,PG,Colorado
Cam Reddish,24,48,26,20.5,1.9,4.9,0.389,0.8,2.3,0.336,1.1,2.6,0.435,0.468,0.9,1.1,0.759,0.6,1.5,2.1,1.0,1.0,0.3,0.6,1.3,5.4,LAL,SF,Duke
Jarred Vanderbilt,24,29,6,20.0,2.0,3.9,0.518,0.3,0.9,0.296,1.8,3.0,0.586,0.553,0.8,1.2,0.667,1.4,3.3,4.8,1.2,1.2,0.2,1.0,1.5,5.2,LAL,PF,Kentucky
Gabe Vincent,27,11,0,19.8,1.4,4.5,0.306,0.3,2.5,0.107,1.1,1.9,0.571,0.337,0.1,0.2,0.5,0.4,0.5,0.8,1.9,0.8,0.0,0.5,1.7,3.1,LAL,PG,UC Santa Barbara
Christian Wood,28,50,1,17.4,2.5,5.3,0.466,0.7,2.3,0.307,1.8,3.0,0.587,0.532,1.3,1.9,0.702,0.8,4.3,5.1,1.0,0.3,0.7,1.0,1.4,6.9,LAL,PF,UNLV
Max Christie,20,67,7,14.1,1.5,3.6,0.427,0.6,1.8,0.356,0.9,1.8,0.496,0.515,0.5,0.7,0.783,0.2,1.9,2.1,0.9,0.3,0.3,0.5,0.9,4.2,LAL,SG,Michigan State
Jaxson Hayes,23,70,5,12.5,1.8,2.5,0.72,0.0,0.1,0.0,1.8,2.4,0.754,0.72,0.7,1.2,0.622,1.0,2.0,3.0,0.5,0.5,0.4,0.6,1.8,4.3,LAL,C,Texas
D'Moi Hodge,25,7,0,5.9,0.7,2.1,0.333,0.4,1.7,0.25,0.3,0.4,0.667,0.433,0.1,0.3,0.5,0.0,0.0,0.0,0.7,0.1,0.1,0.1,0.6,2.0,LAL,SG,"State College of Florida, Manatee-Sarasota, Cleveland State University, Missouri"
Jalen Hood-Schifino,20,21,0,5.2,0.5,2.1,0.222,0.1,0.7,0.133,0.4,1.4,0.267,0.244,0.6,1.0,0.6,0.1,0.5,0.6,0.4,0.1,0.1,0.4,0.6,1.6,LAL,SG,Indiana
Skylar Mays,26,17,0,4.5,0.6,1.2,0.476,0.1,0.3,0.4,0.5,0.9,0.5,0.524,0.0,0.0,,0.1,0.3,0.4,0.6,0.4,0.1,0.1,0.4,1.3,LAL,SG,LSU
Colin Castleton,23,16,0,3.7,0.6,1.0,0.563,0.0,0.0,,0.6,1.0,0.563,0.563,0.4,0.4,1.0,0.4,0.4,0.8,0.2,0.1,0.0,0.2,0.7,1.5,LAL,C,"Michigan, Florida"
Alex Fudge,20,4,0,3.5,0.3,1.5,0.167,0.0,0.5,0.0,0.3,1.0,0.25,0.167,0.5,0.5,1.0,0.5,0.0,0.5,0.0,0.0,0.0,0.3,0.3,1.0,LAL,SF,"LSU, Florida"
Dylan Windler,27,8,0,3.5,0.5,1.1,0.444,0.5,1.0,0.5,0.0,0.1,0.0,0.667,0.0,0.0,,0.0,0.4,0.4,0.8,0.0,0.0,0.0,0.3,1.5,LAL,SF,Belmont
Maxwell Lewis,21,34,0,3.0,0.1,0.6,0.19,0.0,0.3,0.111,0.1,0.4,0.25,0.214,0.1,0.1,0.667,0.1,0.1,0.1,0.2,0.1,0.0,0.3,0.1,0.3,LAL,SF,Pepperdine
Harry Giles,25,7,0,2.7,0.1,0.9,0.167,0.0,0.4,0.0,0.1,0.4,0.333,0.167,0.0,0.0,,0.0,0.6,0.6,0.0,0.1,0.0,0.0,0.0,0.3,LAL,C,Duke
De'Aaron Fox,26,74,74,35.9,9.7,20.9,0.465,2.9,7.8,0.369,6.8,13.1,0.522,0.534,4.2,5.7,0.738,0.9,3.7,4.6,5.6,2.0,0.4,2.6,2.6,26.6,SAC,PG,Kentucky
Domantas Sabonis,27,82,82,35.7,7.7,13.0,0.594,0.4,1.1,0.379,7.3,12.0,0.613,0.609,3.6,5.1,0.704,3.6,10.1,13.7,8.2,0.9,0.6,3.3,3.0,19.4,SAC,C,Gonzaga
Keegan Murray,23,77,77,33.6,5.8,12.7,0.454,2.4,6.6,0.358,3.4,6.0,0.56,0.548,1.3,1.6,0.831,1.4,4.1,5.5,1.7,1.0,0.8,0.8,2.7,15.2,SAC,SF,Iowa
Harrison Barnes,31,82,82,29.0,4.2,8.9,0.474,1.8,4.7,0.387,2.4,4.2,0.571,0.576,1.9,2.4,0.801,0.8,2.2,3.0,1.2,0.7,0.1,0.7,1.2,12.2,SAC,PF,UNC
Malik Monk,25,72,0,26.0,5.5,12.4,0.443,2.1,5.9,0.35,3.4,6.5,0.528,0.526,2.4,2.8,0.829,0.4,2.6,2.9,5.1,0.6,0.5,2.1,2.2,15.4,SAC,SG,Kentucky
Kevin Huerter,25,64,59,24.4,3.9,8.8,0.443,1.9,5.3,0.361,2.0,3.4,0.571,0.553,0.6,0.7,0.766,0.6,2.9,3.5,2.6,0.7,0.4,0.8,2.1,10.2,SAC,SG,Maryland
Trey Lyles,28,58,0,20.0,2.5,5.5,0.445,1.4,3.8,0.384,1.0,1.8,0.578,0.576,0.8,1.2,0.7,1.1,3.4,4.4,1.2,0.3,0.3,0.7,1.5,7.2,SAC,PF,Kentucky
Keon Ellis,24,57,21,17.2,1.9,4.1,0.461,1.2,2.9,0.417,0.6,1.1,0.578,0.612,0.5,0.6,0.743,0.6,1.6,2.2,1.5,0.9,0.5,0.6,2.0,5.4,SAC,SG,"Florida SouthWestern State College, Alabama"
Davion Mitchell,25,72,4,15.3,2.0,4.5,0.452,0.8,2.2,0.361,1.2,2.3,0.539,0.54,0.4,0.6,0.714,0.3,1.1,1.3,1.9,0.2,0.0,0.6,1.2,5.3,SAC,PG,"Auburn, Baylor"
Sasha Vezenkov,28,42,0,12.2,2.0,4.5,0.44,1.1,2.9,0.375,0.9,1.7,0.549,0.558,0.3,0.4,0.8,0.7,1.6,2.3,0.5,0.5,0.2,0.3,1.0,5.4,SAC,PF,
Chris Duarte,26,59,11,12.2,1.4,3.6,0.381,0.7,2.2,0.346,0.6,1.4,0.434,0.486,0.4,0.6,0.788,0.4,1.4,1.8,0.7,0.5,0.1,0.4,1.4,3.9,SAC,SF,Oregon
Alex Len,30,48,0,9.3,1.0,1.7,0.617,0.0,0.1,0.0,1.0,1.6,0.641,0.617,0.4,0.7,0.588,1.0,1.7,2.7,1.0,0.2,0.7,0.6,1.4,2.5,SAC,C,Maryland
JaVale McGee,36,46,0,7.4,1.7,2.9,0.598,0.0,0.2,0.143,1.7,2.7,0.624,0.602,0.6,1.0,0.578,0.9,1.8,2.7,0.4,0.3,0.4,0.7,1.0,4.0,SAC,C,Nevada
Colby Jones,21,30,0,6.4,0.9,2.4,0.394,0.1,0.7,0.091,0.9,1.6,0.531,0.408,0.2,0.4,0.545,0.6,0.8,1.3,0.7,0.2,0.2,0.3,1.0,2.1,SAC,SG,Xavier
Mason Jones,25,5,0,5.6,0.4,1.6,0.25,0.4,1.4,0.286,0.0,0.2,0.0,0.375,0.2,0.4,0.5,0.2,0.8,1.0,1.0,0.2,0.0,0.4,0.6,1.4,SAC,SG,"Connors State College, Arkansas"
Kessler Edwards,23,54,0,5.1,0.6,1.5,0.415,0.4,1.0,0.385,0.3,0.6,0.467,0.537,0.1,0.2,0.556,0.2,0.6,0.8,0.3,0.2,0.1,0.1,0.5,1.7,SAC,SF,Pepperdine
Juan Toscano-Anderson,30,11,0,4.8,0.3,1.1,0.25,0.1,0.4,0.25,0.2,0.7,0.25,0.292,0.0,0.0,,0.4,0.9,1.3,0.4,0.1,0.1,0.2,1.0,0.6,SAC,SF,Marquette
Jordan Ford,25,6,0,3.7,0.7,1.2,0.571,0.3,0.5,0.667,0.3,0.7,0.5,0.714,0.3,0.3,1.0,0.0,0.3,0.3,0.3,0.0,0.0,0.2,0.0,2.0,SAC,PG,Saint Mary's
Filip PetruÅ¡ev,23,2,0,3.5,0.5,1.0,0.5,0.0,0.0,,0.5,1.0,0.5,0.5,0.5,1.0,0.5,0.0,0.0,0.0,0.0,0.0,0.0,0.0,0.5,1.5,SAC,C,Gonzaga
Jalen Slawson,24,12,0,3.1,0.3,0.5,0.667,0.0,0.2,0.0,0.3,0.3,1.0,0.667,0.0,0.0,,0.1,0.5,0.6,0.2,0.1,0.1,0.2,0.7,0.7,SAC,SF,Furman University
Stephen Curry,35,74,74,32.7,8.8,19.5,0.45,4.8,11.8,0.408,4.0,7.7,0.515,0.573,4.0,4.4,0.923,0.5,4.0,4.5,5.1,0.7,0.4,2.8,1.6,26.4,GSW,PG,Davidson
Klay Thompson,33,77,63,29.7,6.4,14.7,0.432,3.5,9.0,0.387,2.9,5.7,0.503,0.551,1.6,1.8,0.927,0.5,2.8,3.3,2.3,0.6,0.5,1.5,1.6,17.9,GSW,SF,Washington State
Draymond Green,33,55,52,27.1,3.4,6.8,0.497,0.9,2.3,0.395,2.4,4.4,0.551,0.566,1.0,1.3,0.73,1.4,5.9,7.2,6.0,1.0,0.9,2.5,3.0,8.6,GSW,PF,Michigan State
Andrew Wiggins,28,71,59,27.0,5.0,11.0,0.453,1.3,3.6,0.358,3.7,7.4,0.498,0.511,2.0,2.7,0.751,1.5,3.0,4.5,1.7,0.6,0.6,1.2,2.1,13.2,GSW,SF,Kansas
Brandin Podziemski,20,74,28,26.6,3.7,8.1,0.454,1.2,3.2,0.385,2.4,4.9,0.499,0.529,0.7,1.1,0.633,1.6,4.2,5.8,3.7,0.8,0.2,1.2,1.6,9.2,GSW,SG,"Illinois, Santa Clara"
Chris Paul,38,58,18,26.4,3.6,8.1,0.441,1.3,3.6,0.371,2.2,4.4,0.498,0.525,0.7,0.9,0.827,0.3,3.6,3.9,6.8,1.2,0.1,1.3,1.9,9.2,GSW,PG,Wake Forest
Jonathan Kuminga,21,74,46,26.3,6.2,11.6,0.529,0.7,2.2,0.321,5.4,9.4,0.578,0.56,3.0,4.0,0.746,1.2,3.6,4.8,2.2,0.7,0.5,1.6,2.3,16.1,GSW,PF,
Moses Moody,21,66,9,17.5,2.9,6.4,0.462,1.1,3.0,0.36,1.8,3.3,0.555,0.548,1.1,1.4,0.785,1.0,2.0,3.0,0.9,0.6,0.4,0.7,1.4,8.1,GSW,SG,Arkansas
Dario Å ariÄ,29,64,9,17.2,2.8,6.1,0.466,1.2,3.1,0.376,1.7,3.0,0.56,0.562,1.2,1.5,0.849,1.1,3.3,4.4,2.3,0.5,0.2,1.2,1.8,8.0,GSW,C,
Trayce Jackson-Davis,23,68,16,16.6,3.4,4.9,0.702,0.0,0.0,0.0,3.4,4.9,0.704,0.702,1.1,1.9,0.561,2.0,3.0,5.0,1.2,0.4,1.1,0.7,1.6,7.9,GSW,PF,Indiana
Kevon Looney,27,74,36,16.1,1.9,3.1,0.597,0.0,0.0,0.0,1.9,3.1,0.599,0.597,0.8,1.1,0.675,1.9,3.7,5.7,1.8,0.4,0.4,0.7,2.1,4.5,GSW,C,UCLA
Gary Payton II,31,44,0,15.5,2.3,4.2,0.563,0.5,1.3,0.364,1.9,2.9,0.648,0.617,0.3,0.5,0.609,1.0,1.5,2.6,1.1,0.9,0.4,0.6,1.8,5.5,GSW,SG,Oregon State
Cory Joseph,32,26,0,11.4,0.9,2.5,0.359,0.5,1.6,0.31,0.4,0.8,0.455,0.461,0.2,0.3,0.571,0.2,0.9,1.2,1.6,0.2,0.1,0.5,1.0,2.4,GSW,PG,Texas
Lester Quinones,23,37,0,10.6,1.5,3.8,0.397,0.9,2.4,0.364,0.6,1.4,0.453,0.511,0.5,0.8,0.69,0.6,1.4,1.9,1.0,0.2,0.1,0.5,1.2,4.4,GSW,SG,Memphis
Gui Santos,21,23,0,8.3,1.2,2.4,0.509,0.4,1.2,0.37,0.8,1.2,0.643,0.6,0.7,0.7,0.941,0.7,1.4,2.1,0.6,0.2,0.1,0.3,1.0,3.6,GSW,PF,
Pat Spencer,27,6,0,4.3,0.3,0.7,0.5,0.0,0.3,0.0,0.3,0.3,1.0,0.5,0.0,0.0,,0.3,0.3,0.7,0.8,0.0,0.0,0.2,0.2,0.7,GSW,PG,"Loyola (MD), Northwestern"
Jerome Robinson,26,22,0,3.7,0.5,1.5,0.333,0.1,0.8,0.118,0.4,0.7,0.563,0.364,0.3,0.5,0.636,0.0,0.2,0.3,0.2,0.0,0.1,0.1,0.2,1.4,GSW,SG,Boston College
Usman Garuba,21,6,0,3.0,0.2,1.0,0.167,0.0,0.2,0.0,0.2,0.8,0.2,0.167,0.2,0.3,0.5,0.5,0.7,1.2,0.2,0.2,0.5,0.3,0.3,0.5,GSW,PF,
Fred VanVleet,29,73,73,36.8,5.8,13.9,0.416,3.1,8.0,0.387,2.7,5.9,0.454,0.527,2.7,3.1,0.86,0.5,3.4,3.8,8.1,1.4,0.8,1.7,2.5,17.4,HOU,PG,Wichita State
Alperen Sengun,21,63,63,32.5,8.4,15.6,0.537,0.5,1.8,0.297,7.8,13.8,0.567,0.553,3.9,5.6,0.693,2.9,6.4,9.3,5.0,1.2,0.7,2.6,3.3,21.1,HOU,C,
Jabari Smith Jr.,20,76,76,31.9,5.0,11.0,0.454,1.8,5.0,0.363,3.2,6.0,0.53,0.537,2.0,2.4,0.811,1.8,6.3,8.1,1.6,0.7,0.8,1.2,2.6,13.7,HOU,PF,Auburn
Jalen Green,21,82,82,31.7,6.9,16.2,0.423,2.5,7.4,0.332,4.4,8.9,0.498,0.498,3.5,4.3,0.804,0.5,4.7,5.2,3.5,0.8,0.3,2.3,1.4,19.6,HOU,SG,
Dillon Brooks,28,72,72,30.9,4.6,10.7,0.428,1.8,5.1,0.359,2.7,5.5,0.492,0.515,1.7,2.0,0.844,0.7,2.7,3.4,1.7,0.9,0.1,1.2,3.3,12.7,HOU,SF,Oregon
Amen Thompson,21,62,23,22.4,3.9,7.2,0.536,0.1,0.9,0.138,3.7,6.3,0.595,0.545,1.7,2.5,0.684,2.4,4.2,6.6,2.6,1.3,0.6,1.5,2.3,9.5,HOU,SF,
Tari Eason,22,22,0,21.8,4.0,8.6,0.466,0.8,2.3,0.36,3.2,6.3,0.504,0.513,1.0,1.5,0.636,2.1,4.9,7.0,1.2,1.4,0.9,0.9,2.3,9.8,HOU,PF,"Cincinnati, LSU"
Cam Whitmore,19,47,2,18.7,4.5,9.9,0.454,1.7,4.7,0.359,2.8,5.3,0.538,0.539,1.6,2.4,0.679,0.9,2.9,3.8,0.7,0.6,0.4,1.0,1.4,12.3,HOU,SF,Villanova
Jeff Green,37,78,6,16.8,2.1,4.7,0.456,0.7,2.1,0.331,1.5,2.6,0.553,0.529,1.6,1.9,0.819,0.6,1.7,2.3,0.9,0.2,0.4,0.6,1.3,6.5,HOU,PF,Georgetown
Aaron Holiday,27,78,1,16.3,2.4,5.3,0.446,1.1,2.8,0.387,1.3,2.6,0.51,0.547,0.7,0.8,0.921,0.3,1.3,1.6,1.8,0.5,0.1,0.7,1.6,6.6,HOU,PG,UCLA
Jae'Sean Tate,28,65,9,15.9,1.7,3.5,0.472,0.4,1.2,0.299,1.3,2.3,0.559,0.522,0.4,0.6,0.667,0.9,2.1,3.0,1.0,0.6,0.2,0.6,2.1,4.1,HOU,SF,Ohio State
Jock Landale,28,56,3,13.6,1.9,3.7,0.515,0.2,0.7,0.25,1.7,3.0,0.578,0.539,0.9,1.2,0.8,1.6,1.5,3.1,1.2,0.4,0.6,0.6,1.3,4.9,HOU,C,Saint Mary's
Reggie Bullock,32,44,0,9.5,0.8,1.9,0.415,0.6,1.5,0.403,0.2,0.3,0.467,0.579,0.0,0.0,1.0,0.1,1.5,1.7,0.3,0.3,0.1,0.2,0.7,2.2,HOU,SF,UNC
Jeenathan Williams,24,22,0,5.9,1.2,2.3,0.54,0.1,0.2,0.4,1.1,2.0,0.556,0.56,0.3,0.6,0.538,0.5,0.5,1.0,0.3,0.2,0.0,0.2,0.5,2.9,HOU,SG,Buffalo
Boban MarjanoviÄ,35,14,0,5.1,1.3,2.4,0.529,0.0,0.1,0.0,1.3,2.3,0.563,0.529,0.6,1.0,0.643,0.5,1.8,2.3,0.4,0.1,0.1,0.4,0.4,3.2,HOU,C,
Nate Hinton,24,15,0,5.0,0.7,1.7,0.423,0.5,0.9,0.5,0.3,0.8,0.333,0.558,0.3,0.3,0.8,0.5,1.0,1.5,0.7,0.2,0.1,0.2,0.7,2.2,HOU,SG,Houston
Jermaine Samuels,25,14,0,4.3,0.6,1.0,0.643,0.0,0.1,0.0,0.6,0.9,0.75,0.643,0.1,0.1,1.0,0.2,0.7,0.9,0.2,0.1,0.1,0.0,0.4,1.4,HOU,SF,Villanova
Lauri Markkanen,26,55,55,33.1,7.8,16.2,0.48,3.2,8.0,0.399,4.6,8.2,0.559,0.578,4.5,5.0,0.899,2.2,5.9,8.2,2.0,0.9,0.5,1.4,1.8,23.2,UTA,PF,Arizona
Jordan Clarkson,31,55,19,30.6,6.1,14.8,0.413,1.7,5.6,0.294,4.5,9.2,0.485,0.469,3.2,3.7,0.881,0.9,2.5,3.4,5.0,0.6,0.1,2.7,1.5,17.1,UTA,SG,"Tulsa, Missouri"
John Collins,26,68,66,28.0,5.8,11.0,0.532,1.3,3.4,0.371,4.6,7.6,0.605,0.59,2.2,2.7,0.795,2.3,6.1,8.5,1.1,0.6,0.9,1.4,2.8,15.1,UTA,PF,Wake Forest
Keyonte George,20,75,44,27.0,4.3,10.9,0.391,2.0,5.9,0.334,2.3,5.0,0.459,0.482,2.5,3.0,0.848,0.2,2.6,2.8,4.4,0.5,0.1,2.5,1.2,13.0,UTA,PG,Baylor
Collin Sexton,25,78,51,26.6,6.5,13.3,0.487,1.6,4.2,0.394,4.8,9.1,0.53,0.549,4.1,4.7,0.859,0.9,1.7,2.6,4.9,0.8,0.2,2.1,2.0,18.7,UTA,SG,Alabama
Darius Bazley,23,6,0,23.7,3.0,4.8,0.621,0.3,1.3,0.25,2.7,3.5,0.762,0.655,1.7,2.0,0.833,1.3,3.2,4.5,0.8,1.0,1.2,1.2,0.5,8.0,UTA,PF,
Walker Kessler,22,64,22,23.3,3.6,5.5,0.654,0.1,0.3,0.211,3.5,5.2,0.68,0.66,0.9,1.5,0.602,2.6,4.9,7.5,0.9,0.5,2.4,1.0,2.1,8.1,UTA,C,"UNC, Auburn"
Simone Fontecchio,28,50,34,23.2,3.2,7.2,0.45,1.8,4.7,0.391,1.4,2.5,0.56,0.577,0.6,0.8,0.8,1.0,2.5,3.5,1.5,0.6,0.4,1.0,1.6,8.9,UTA,SF,
Kenneth Lofton Jr.,21,4,0,22.8,5.3,8.8,0.6,1.0,3.0,0.333,4.3,5.8,0.739,0.657,2.3,2.8,0.818,2.5,2.5,5.0,4.8,0.8,0.5,1.5,2.3,13.8,UTA,PF,Louisiana Tech
Taylor Hendricks,20,40,23,21.4,2.7,6.0,0.45,1.3,3.5,0.379,1.4,2.5,0.55,0.56,0.6,0.7,0.793,1.2,3.5,4.6,0.8,0.7,0.8,0.7,1.9,7.3,UTA,PF,Central Florida
Kelly Olynyk,32,50,8,20.4,2.9,5.2,0.562,0.7,1.7,0.429,2.2,3.5,0.626,0.632,1.6,1.9,0.842,1.3,3.8,5.1,4.4,0.7,0.2,1.6,2.6,8.1,UTA,C,Gonzaga
Talen Horton-Tucker,23,51,11,19.8,3.6,9.1,0.396,1.2,3.6,0.33,2.4,5.5,0.438,0.46,1.7,2.1,0.807,0.4,2.0,2.4,3.5,0.9,0.4,1.3,1.8,10.1,UTA,PG,Iowa State
Ochai Agbaji,23,51,10,19.7,2.1,4.9,0.426,0.9,2.8,0.331,1.2,2.1,0.551,0.52,0.3,0.4,0.75,0.7,1.8,2.5,0.9,0.5,0.6,0.7,1.3,5.4,UTA,SG,Kansas
Kris Dunn,29,66,32,18.9,2.2,4.7,0.47,0.6,1.7,0.369,1.6,3.1,0.525,0.535,0.3,0.5,0.688,0.8,2.1,2.9,3.8,1.0,0.4,1.2,2.0,5.4,UTA,PG,Providence
Johnny Juzang,22,20,5,18.6,2.6,5.5,0.464,1.6,3.9,0.416,1.0,1.7,0.576,0.609,0.5,0.7,0.714,0.4,1.5,1.8,1.2,0.2,0.1,0.7,1.5,7.2,UTA,SG,"Kentucky, UCLA"
Brice Sensabaugh,20,32,11,18.3,2.7,6.8,0.39,1.1,3.6,0.296,1.6,3.2,0.495,0.468,1.2,1.3,0.902,0.5,2.7,3.2,1.7,0.4,0.2,1.5,1.3,7.5,UTA,SF,Ohio State
Micah Potter,25,16,0,11.6,1.2,2.5,0.475,0.6,1.3,0.429,0.6,1.2,0.526,0.588,0.4,0.5,0.75,0.6,2.1,2.7,0.4,0.3,0.4,0.3,0.9,3.3,UTA,PF,"Ohio State, Wisconsin"
Omer Yurtseven,25,48,12,11.4,2.1,3.8,0.538,0.1,0.5,0.208,2.0,3.3,0.588,0.552,0.4,0.6,0.679,1.5,2.8,4.3,0.6,0.2,0.4,0.8,1.1,4.6,UTA,C,"NC State, Georgetown"
Jason Preston,24,7,0,10.1,0.9,2.7,0.316,0.0,0.4,0.0,0.9,2.3,0.375,0.316,0.0,0.0,,0.9,1.6,2.4,2.3,0.3,0.1,0.3,0.4,1.7,UTA,PG,Ohio University
Kira Lewis Jr.,22,12,0,9.9,1.5,3.3,0.45,0.2,1.1,0.154,1.3,2.3,0.593,0.475,0.6,0.8,0.778,0.4,0.6,1.0,1.6,0.3,0.1,0.5,0.3,3.8,UTA,PG,Alabama
Luka Å amaniÄ,24,43,7,9.4,1.4,3.7,0.38,0.3,1.5,0.203,1.1,2.2,0.5,0.421,1.0,1.3,0.786,0.5,1.9,2.4,0.4,0.1,0.2,0.7,0.7,4.1,UTA,PF,
Ja Morant,24,9,9,35.3,8.9,18.9,0.471,1.6,5.7,0.275,7.3,13.2,0.555,0.512,5.8,7.1,0.813,0.7,4.9,5.6,8.1,0.8,0.6,3.0,2.1,25.1,MEM,PG,Murray State
Desmond Bane,25,42,42,34.4,8.6,18.5,0.464,3.3,8.6,0.381,5.3,9.9,0.536,0.552,3.3,3.8,0.87,0.9,3.5,4.4,5.5,1.0,0.5,2.7,2.9,23.7,MEM,SG,TCU
Jaren Jackson Jr.,24,66,66,32.2,7.8,17.6,0.444,1.8,5.5,0.32,6.0,12.1,0.501,0.494,5.1,6.3,0.808,1.3,4.2,5.5,2.3,1.2,1.6,2.4,3.6,22.5,MEM,C,Michigan State
Marcus Smart,29,20,20,30.3,5.1,11.9,0.43,2.1,6.7,0.313,3.0,5.2,0.583,0.519,2.2,2.8,0.768,0.3,2.4,2.7,4.3,2.1,0.3,3.1,2.7,14.5,MEM,PG,Oklahoma State
Jordan Goodwin,25,17,12,29.2,3.9,11.1,0.349,1.1,3.6,0.311,2.8,7.5,0.367,0.399,1.1,1.8,0.633,2.8,5.2,8.0,4.5,1.5,0.5,1.6,1.9,10.0,MEM,PG,Saint Louis
Vince Williams Jr.,23,52,33,27.6,3.3,7.3,0.446,1.5,4.0,0.378,1.7,3.3,0.529,0.55,2.0,2.5,0.8,1.1,4.4,5.6,3.4,0.9,0.7,1.8,2.6,10.0,MEM,SG,VCU
Santi Aldama,23,61,35,26.5,4.0,9.3,0.435,1.7,5.0,0.349,2.3,4.3,0.534,0.528,0.9,1.4,0.621,1.2,4.6,5.8,2.3,0.7,0.9,1.1,1.5,10.7,MEM,PF,Loyola (MD)
GG Jackson II,19,48,18,25.7,5.0,11.7,0.428,2.1,6.0,0.357,2.9,5.8,0.502,0.519,2.4,3.2,0.752,1.1,3.0,4.1,1.2,0.6,0.5,1.4,1.3,14.6,MEM,PF,South Carolina
Luke Kennard,27,39,22,25.6,3.6,8.1,0.448,2.7,6.1,0.45,0.9,2.0,0.442,0.617,1.0,1.2,0.889,0.3,2.6,2.9,3.5,0.5,0.1,1.4,1.0,11.0,MEM,SG,Duke
Scotty Pippen Jr.,23,21,16,25.1,4.8,9.7,0.493,1.4,3.4,0.417,3.3,6.2,0.534,0.567,2.0,2.6,0.745,1.0,2.1,3.2,4.7,1.7,0.5,2.7,2.9,12.9,MEM,PG,Vanderbilt
Timmy Allen,24,5,0,25.0,1.2,4.6,0.261,0.0,1.4,0.0,1.2,3.2,0.375,0.261,0.2,0.4,0.5,0.8,2.6,3.4,1.0,0.8,0.0,0.4,3.6,2.6,MEM,SF,"Utah, Texas"
Trey Jemison,24,23,14,24.9,3.3,5.9,0.551,0.0,0.0,,3.3,5.9,0.551,0.551,0.9,1.1,0.84,2.8,3.0,5.8,1.2,0.5,1.2,1.4,3.0,7.4,MEM,C,"Clemson, UAB"
Bismack Biyombo,31,30,27,23.9,2.2,4.0,0.563,0.0,0.0,,2.2,4.0,0.563,0.563,0.7,1.5,0.478,1.9,4.5,6.4,1.7,0.3,1.1,1.3,2.7,5.2,MEM,C,
David Roddy,22,48,13,23.2,3.2,8.0,0.402,1.0,3.3,0.301,2.3,4.8,0.47,0.462,1.0,1.4,0.687,1.1,3.1,4.2,1.6,0.5,0.2,1.1,1.4,8.4,MEM,PF,Colorado State
Zavier Simpson,26,7,0,23.0,2.4,7.7,0.315,0.7,2.4,0.294,1.7,5.3,0.324,0.361,0.4,0.6,0.75,0.6,2.3,2.9,3.6,1.0,0.4,1.4,1.6,6.0,MEM,PG,Michigan
Lamar Stevens,26,19,2,23.0,4.6,10.3,0.446,0.6,2.0,0.289,4.0,8.3,0.484,0.474,1.8,2.3,0.791,1.3,3.8,5.1,1.1,0.9,0.9,0.8,1.6,11.5,MEM,PF,Penn State
Jake LaRavia,22,35,6,23.0,3.4,8.7,0.389,1.5,4.5,0.34,1.9,4.2,0.442,0.477,2.6,3.1,0.826,1.5,2.2,3.7,1.7,0.8,0.3,1.3,2.0,10.8,MEM,PF,"Indiana State University, Wake Forest"
Brandon Clarke,27,6,1,22.3,5.5,9.8,0.559,0.2,1.0,0.167,5.3,8.8,0.604,0.568,0.2,1.2,0.143,2.2,3.2,5.3,1.5,0.8,1.0,0.5,1.3,11.3,MEM,PF,"San Jose State, Gonzaga"
John Konchar,27,55,23,21.3,1.6,3.8,0.423,0.7,2.2,0.317,0.9,1.6,0.568,0.514,0.4,0.5,0.84,1.3,3.4,4.7,2.0,0.9,0.9,0.8,1.4,4.3,MEM,SF,Purdue-Fort Wayne
Xavier Tillman Sr.,25,34,13,20.6,2.6,6.3,0.408,0.4,1.6,0.226,2.2,4.7,0.469,0.437,0.5,1.3,0.419,1.6,3.0,4.6,1.7,1.2,1.0,0.9,1.8,6.0,MEM,C,Michigan State
Ziaire Williams,22,51,15,20.4,2.9,7.4,0.397,1.1,3.7,0.307,1.8,3.7,0.487,0.474,1.2,1.5,0.827,0.7,2.8,3.5,1.5,0.7,0.2,1.3,1.7,8.2,MEM,SF,Stanford
Tosan Evbuomwan,22,4,0,18.5,1.0,3.8,0.267,0.5,2.0,0.25,0.5,1.8,0.286,0.333,0.0,0.0,,2.0,1.5,3.5,1.5,0.0,0.3,0.3,1.3,2.5,MEM,SF,Princeton
Jacob Gilyard,25,37,14,17.7,1.6,3.9,0.417,1.4,3.2,0.425,0.2,0.6,0.375,0.594,0.1,0.1,1.0,0.2,0.9,1.2,3.5,0.7,0.1,0.8,0.9,4.7,MEM,PG,Richmond
MÃ£ozinha Pereira,23,7,1,17.4,2.6,5.0,0.514,0.7,1.9,0.385,1.9,3.1,0.591,0.586,1.0,1.4,0.7,1.6,3.7,5.3,0.3,0.9,0.6,0.7,1.4,6.9,MEM,SF,
Jaylen Nowell,24,9,1,17.3,2.4,6.1,0.4,0.4,2.6,0.174,2.0,3.6,0.563,0.436,0.3,0.3,1.0,0.3,1.2,1.6,1.8,0.3,0.0,0.6,1.4,5.7,MEM,SG,Washington
DeJon Jarreau,26,9,0,16.7,1.9,5.6,0.34,0.4,1.4,0.308,1.4,4.1,0.351,0.38,0.6,1.2,0.455,0.9,4.0,4.9,2.9,0.7,0.2,1.0,1.6,4.8,MEM,SG,"UMass, Houston"
Derrick Rose,35,24,7,16.6,3.2,6.9,0.461,0.6,1.7,0.366,2.5,5.2,0.492,0.506,1.0,1.1,0.889,0.3,1.6,1.9,3.3,0.3,0.1,1.3,0.9,8.0,MEM,PG,Memphis
Yuta Watanabe,29,5,0,16.4,1.2,3.8,0.316,0.2,2.0,0.1,1.0,1.8,0.556,0.342,0.0,0.4,0.0,0.0,1.8,1.8,1.0,0.6,0.0,0.6,1.0,2.6,MEM,SF,George Washington
Wenyen Gabriel,26,5,0,16.2,1.6,4.4,0.364,0.2,1.2,0.167,1.4,3.2,0.438,0.386,0.0,1.0,0.0,1.4,3.6,5.0,0.6,0.4,0.4,1.6,2.0,3.4,MEM,PF,Kentucky
Jack White,26,4,0,16.0,0.5,4.0,0.125,0.5,2.5,0.2,0.0,1.5,0.0,0.188,0.0,0.0,,1.0,2.0,3.0,0.3,1.0,0.3,0.5,0.8,1.5,MEM,SF,Duke
Matthew Hurt,23,8,0,14.1,1.5,4.3,0.353,0.6,2.5,0.25,0.9,1.8,0.5,0.426,0.4,0.4,1.0,1.1,0.9,2.0,0.5,0.4,0.4,0.3,1.0,4.0,MEM,PF,Duke
Kenneth Lofton Jr.,21,15,0,6.6,0.9,2.5,0.378,0.2,0.7,0.3,0.7,1.8,0.407,0.419,0.5,1.0,0.533,0.1,0.9,1.0,0.9,0.2,0.2,0.4,1.0,2.6,MEM,PF,Louisiana Tech
Shaquille Harrison,30,3,0,2.0,0.3,0.7,0.5,0.0,0.0,,0.3,0.7,0.5,0.5,0.0,0.0,,0.0,0.7,0.7,0.0,0.0,0.3,0.0,0.0,0.7,MEM,SG,Tulsa
Devin Vassell,23,68,62,33.1,7.3,15.5,0.472,2.4,6.6,0.372,4.9,9.0,0.544,0.55,2.4,3.0,0.801,0.4,3.4,3.8,4.1,1.1,0.3,1.6,1.1,19.5,SAS,SG,Florida State
Victor Wembanyama,20,71,71,29.7,7.8,16.7,0.465,1.8,5.5,0.325,6.0,11.2,0.534,0.519,4.1,5.2,0.796,2.3,8.4,10.6,3.9,1.2,3.6,3.7,2.2,21.4,SAS,C,
Jeremy Sochan,20,74,73,29.6,4.6,10.5,0.438,0.9,3.1,0.308,3.6,7.4,0.492,0.483,1.5,1.9,0.771,1.9,4.6,6.4,3.4,0.8,0.5,1.9,2.3,11.6,SAS,PF,Baylor
Keldon Johnson,24,69,27,29.5,5.7,12.5,0.454,1.8,5.3,0.346,3.8,7.2,0.533,0.527,2.5,3.2,0.792,1.4,4.1,5.5,2.8,0.7,0.3,1.4,2.2,15.7,SAS,SF,Kentucky
Tre Jones,24,77,48,27.8,3.9,7.8,0.505,0.8,2.5,0.335,3.1,5.3,0.584,0.558,1.3,1.5,0.856,0.8,3.0,3.8,6.2,1.0,0.1,1.5,1.2,10.0,SAS,PG,Duke
Zach Collins,26,69,29,22.1,4.3,8.9,0.484,0.8,2.6,0.32,3.5,6.3,0.552,0.531,1.8,2.3,0.753,1.7,3.7,5.4,2.8,0.5,0.8,1.9,3.0,11.2,SAS,C,Gonzaga
Malaki Branham,20,75,29,21.3,3.6,8.4,0.432,1.2,3.6,0.347,2.4,4.8,0.494,0.506,0.7,0.8,0.873,0.4,1.6,2.0,2.1,0.4,0.1,1.2,1.3,9.2,SAS,PG,Ohio State
Julian Champagnie,22,74,59,19.8,2.2,5.4,0.408,1.4,3.7,0.365,0.9,1.7,0.504,0.534,1.0,1.2,0.815,0.6,2.2,2.8,1.4,0.6,0.6,0.8,1.0,6.8,SAS,SF,St. John's
Cedi Osman,28,72,3,17.6,2.6,5.3,0.479,1.2,3.1,0.389,1.4,2.3,0.601,0.591,0.5,0.7,0.673,0.3,2.2,2.5,1.7,0.5,0.2,0.7,1.5,6.8,SAS,SF,
Doug McDermott,32,46,0,15.2,2.1,4.7,0.442,1.7,3.8,0.439,0.4,0.9,0.452,0.619,0.2,0.4,0.588,0.2,0.9,1.0,1.2,0.2,0.0,0.5,1.0,6.0,SAS,SF,Creighton
Blake Wesley,20,61,3,14.4,1.7,3.5,0.474,0.2,0.9,0.218,1.5,2.6,0.563,0.502,0.9,1.3,0.667,0.3,1.2,1.5,2.7,0.5,0.1,0.9,1.5,4.4,SAS,SG,Notre Dame
Devonte' Graham,28,23,0,13.6,1.7,4.7,0.352,1.1,3.6,0.301,0.6,1.1,0.52,0.468,0.6,0.7,0.813,0.2,1.3,1.6,2.1,0.4,0.1,0.7,0.6,5.0,SAS,PG,Kansas
RaiQuan Gray,24,3,0,13.0,3.3,5.7,0.588,1.0,2.3,0.429,2.3,3.3,0.7,0.676,0.0,0.0,,0.7,1.7,2.3,2.0,0.3,0.3,0.3,0.0,7.7,SAS,PF,Florida State
David Duke Jr.,24,4,0,12.8,2.5,4.5,0.556,0.8,1.5,0.5,1.8,3.0,0.583,0.639,0.8,0.8,1.0,0.5,2.0,2.5,1.3,0.5,0.0,0.8,1.0,6.5,SAS,SG,Providence
Dominick Barlow,20,33,1,12.7,1.7,3.4,0.496,0.1,0.3,0.333,1.6,3.2,0.51,0.509,0.9,1.3,0.69,1.4,2.1,3.4,1.1,0.4,0.4,0.3,1.4,4.4,SAS,PF,
Jamaree Bouyea,24,3,0,12.7,1.7,2.3,0.714,0.3,0.3,1.0,1.3,2.0,0.667,0.786,0.0,0.0,,0.3,2.7,3.0,1.0,0.3,0.0,0.3,2.3,3.7,SAS,PG,San Francisco
Sidy Cissoko,19,12,0,11.8,1.3,2.8,0.485,0.1,1.0,0.083,1.3,1.8,0.714,0.5,1.0,1.3,0.8,0.7,1.2,1.8,0.8,0.6,0.3,0.3,1.5,3.8,SAS,SF,
Charles Bassey,23,19,0,10.8,1.5,2.1,0.725,0.0,0.1,0.0,1.5,2.1,0.744,0.725,0.3,0.3,0.833,1.2,2.8,4.0,1.1,0.4,0.9,0.8,1.6,3.3,SAS,C,Western Kentucky
Sandro Mamukelashvili,24,46,5,9.8,1.6,3.4,0.471,0.4,1.4,0.297,1.2,2.0,0.593,0.532,0.5,0.7,0.735,1.0,2.2,3.2,1.1,0.2,0.3,0.4,0.8,4.1,SAS,C,Seton Hall
Mamadi Diakite,27,3,0,5.3,1.3,1.7,0.8,0.0,0.0,,1.3,1.7,0.8,0.8,1.3,2.0,0.667,0.3,0.7,1.0,0.7,0.0,0.3,0.0,0.3,4.0,SAS,PF,Virginia
Anfernee Simons,24,46,46,34.4,7.8,18.2,0.43,3.4,8.8,0.385,4.4,9.4,0.472,0.523,3.5,3.9,0.916,0.5,3.2,3.6,5.5,0.5,0.1,2.7,2.1,22.6,POR,SG,
Jerami Grant,29,54,54,33.9,7.1,15.7,0.451,2.1,5.1,0.402,5.0,10.6,0.474,0.516,4.7,5.8,0.817,0.7,2.9,3.5,2.8,0.8,0.6,2.1,2.2,21.0,POR,PF,Syracuse
Shaedon Sharpe,20,32,25,33.1,5.5,13.6,0.406,1.9,5.6,0.333,3.6,7.9,0.457,0.475,3.1,3.7,0.824,1.3,3.7,5.0,2.9,0.9,0.4,2.3,2.8,15.9,POR,SG,Kentucky
Deandre Ayton,25,55,55,32.4,7.8,13.6,0.57,0.0,0.2,0.1,7.7,13.4,0.576,0.571,1.2,1.4,0.823,3.2,7.9,11.1,1.6,1.0,0.8,1.8,2.0,16.7,POR,C,Arizona
Dalano Banton,24,30,8,29.2,6.1,15.0,0.408,1.9,6.1,0.311,4.2,8.9,0.474,0.471,2.6,3.3,0.78,1.0,3.8,4.8,3.6,0.9,0.6,2.2,1.5,16.7,POR,PG,Nebraska
Malcolm Brogdon,31,39,25,28.7,5.6,12.7,0.44,2.1,5.1,0.412,3.5,7.6,0.458,0.522,2.4,3.0,0.819,0.7,3.1,3.8,5.5,0.7,0.2,1.5,1.5,15.7,POR,PG,Virginia
Scoot Henderson,19,62,32,28.5,5.0,12.9,0.385,1.4,4.3,0.325,3.5,8.5,0.416,0.44,2.7,3.3,0.819,0.9,2.3,3.1,5.4,0.8,0.2,3.4,3.1,14.0,POR,PG,
Toumani Camara,23,70,49,24.8,2.8,6.3,0.45,0.8,2.5,0.337,2.0,3.8,0.523,0.516,1.1,1.4,0.758,2.0,2.9,4.9,1.2,0.9,0.5,1.2,2.5,7.5,POR,PF,Dayton
Jabari Walker,21,72,23,23.6,3.3,7.1,0.46,0.6,1.9,0.295,2.7,5.1,0.522,0.5,1.8,2.4,0.754,2.1,5.0,7.1,1.0,0.6,0.3,0.9,2.4,8.9,POR,SF,Colorado
Matisse Thybulle,26,65,19,22.9,1.9,4.9,0.397,1.2,3.6,0.346,0.7,1.3,0.535,0.524,0.3,0.4,0.759,0.5,1.6,2.1,1.4,1.7,0.8,0.6,1.4,5.4,POR,SF,Washington
Kris Murray,23,62,29,21.7,2.3,5.9,0.396,0.8,3.0,0.268,1.5,3.0,0.525,0.463,0.6,0.9,0.661,1.4,2.2,3.6,1.3,0.9,0.3,0.9,1.5,6.1,POR,SF,Iowa
Robert Williams,26,6,0,19.8,2.8,4.3,0.654,0.0,0.0,,2.8,4.3,0.654,0.654,1.2,1.5,0.778,1.8,4.5,6.3,0.8,1.2,1.2,1.2,2.8,6.8,POR,C,Texas A&M
Duop Reath,27,68,20,17.9,3.4,7.3,0.461,1.3,3.6,0.359,2.1,3.7,0.559,0.549,1.0,1.4,0.742,1.4,2.3,3.7,1.0,0.5,0.6,0.8,2.4,9.1,POR,C,"Lee College, LSU"
Skylar Mays,26,21,5,17.0,2.5,6.6,0.384,0.7,2.3,0.286,1.9,4.2,0.438,0.435,0.6,0.8,0.765,0.4,1.3,1.8,3.6,0.7,0.1,0.9,1.0,6.3,POR,PG,LSU
Ashton Hagans,24,19,1,16.6,1.5,3.7,0.408,0.4,1.3,0.32,1.1,2.4,0.457,0.465,0.7,0.9,0.824,0.7,1.6,2.4,2.8,0.6,0.5,1.6,2.1,4.2,POR,PG,Kentucky
Rayan Rupert,19,39,12,16.2,1.4,4.1,0.335,0.7,2.0,0.359,0.7,2.1,0.313,0.422,0.5,0.6,0.76,0.6,1.7,2.4,1.6,0.3,0.1,0.8,1.4,4.0,POR,SG,
Justin Minaya,24,34,1,11.2,0.6,2.2,0.297,0.4,1.4,0.245,0.3,0.7,0.4,0.378,0.1,0.3,0.556,0.9,0.8,1.6,0.6,0.3,0.3,0.3,1.0,1.8,POR,SF,
Ibou Badji,21,22,1,10.3,0.6,1.0,0.636,0.0,0.0,,0.6,1.0,0.636,0.636,0.3,0.5,0.5,0.9,1.4,2.3,0.6,0.1,0.9,0.7,2.1,1.5,POR,C,
Taze Moore,25,4,0,10.0,2.0,4.8,0.421,0.3,1.8,0.143,1.8,3.0,0.583,0.447,0.3,0.5,0.5,1.0,1.0,2.0,1.3,0.5,0.0,0.8,1.0,4.5,POR,SG,"Cal State-Bakersfield, Houston"
Jamaree Bouyea,24,6,0,9.5,0.8,3.5,0.238,0.0,1.3,0.0,0.8,2.2,0.385,0.238,0.0,0.0,,0.3,1.3,1.7,1.3,0.0,0.0,1.3,0.5,1.7,POR,PG,San Francisco
Moses Brown,24,22,5,9.1,1.5,3.0,0.508,0.0,0.0,,1.5,3.0,0.508,0.508,0.4,1.4,0.29,1.7,2.2,3.9,0.3,0.2,0.3,0.5,1.2,3.4,POR,C,UCLA
Ish Wainright,29,7,0,6.6,0.9,2.6,0.333,0.9,2.3,0.375,0.0,0.3,0.0,0.5,0.3,0.3,1.0,0.0,1.3,1.3,0.0,0.3,0.1,0.1,0.6,2.9,POR,SF,Baylor
